rank,city,region,listeners_28d,period
1,São Paulo,"Brazil, SP",1591,Aug 30-Sep 26 2026 (28d)
2,Montreal,"Canada, QC",978,Aug 30-Sep 26 2026 (28d)
3,Frankfurt am Main,"Germany, HE",828,Aug 30-Sep 26 2026 (28d)
4,Sydney,"Australia, NSW",804,Aug 30-Sep 26 2026 (28d)
5,Berlin,"Germany, BE",747,Aug 30-Sep 26 2026 (28d)
6,Athens,"Greece, I",741,Aug 30-Sep 26 2026 (28d)
7,Munich,"Germany, BY",741,Aug 30-Sep 26 2026 (28d)
8,Brisbane,"Australia, QLD",730,Aug 30-Sep 26 2026 (28d)
9,Stuttgart,"Germany, BW",707,Aug 30-Sep 26 2026 (28d)
10,Melbourne,"Australia, VIC",684,Aug 30-Sep 26 2026 (28d)
11,Lagos,"Nigeria, LA",651,Aug 30-Sep 26 2026 (28d)
12,London,"United Kingdom, ENG",639,Aug 30-Sep 26 2026 (28d)
13,Hamburg,"Germany, HH",626,Aug 30-Sep 26 2026 (28d)
14,Istanbul,Turkey,551,Aug 30-Sep 26 2026 (28d)
15,Toronto,"Canada, ON",524,Aug 30-Sep 26 2026 (28d)
16,Budapest,"Hungary, BU",476,Aug 30-Sep 26 2026 (28d)
17,Johannesburg,"South Africa, GP",439,Aug 30-Sep 26 2026 (28d)
18,Belo Horizonte,"Brazil, MG",426,Aug 30-Sep 26 2026 (28d)
19,Cologne,"Germany, NW",420,Aug 30-Sep 26 2026 (28d)
20,Rio de Janeiro,"Brazil, RJ",407,Aug 30-Sep 26 2026 (28d)
21,Port Harcourt,"Nigeria, RI",407,Aug 30-Sep 26 2026 (28d)
22,Warsaw,Poland,396,Aug 30-Sep 26 2026 (28d)
23,Perth,"Australia, WA",388,Aug 30-Sep 26 2026 (28d)
24,Düsseldorf,"Germany, NW",372,Aug 30-Sep 26 2026 (28d)
25,Hanover,"Germany, NI",369,Aug 30-Sep 26 2026 (28d)
26,Cairo,"Egypt, C",367,Aug 30-Sep 26 2026 (28d)
27,Prague,Czech Republic,358,Aug 30-Sep 26 2026 (28d)
28,Los Angeles,"United States, CA",350,Aug 30-Sep 26 2026 (28d)
29,Brasília,"Brazil, DF",349,Aug 30-Sep 26 2026 (28d)
30,Campinas,"Brazil, SP",340,Aug 30-Sep 26 2026 (28d)
31,Zurich,"Switzerland, ZH",337,Aug 30-Sep 26 2026 (28d)
32,Kuala Lumpur,Malaysia,336,Aug 30-Sep 26 2026 (28d)
33,Abuja,"Nigeria, FC",333,Aug 30-Sep 26 2026 (28d)
34,Curitiba,"Brazil, PR",317,Aug 30-Sep 26 2026 (28d)
35,Nuremberg,"Germany, BY",312,Aug 30-Sep 26 2026 (28d)
36,Madrid,"Spain, MD",302,Aug 30-Sep 26 2026 (28d)
37,Paris,"France, IDF",302,Aug 30-Sep 26 2026 (28d)
38,Bucharest,"Romania, B",298,Aug 30-Sep 26 2026 (28d)
39,Singapore,Singapore,295,Aug 30-Sep 26 2026 (28d)
40,Chicago,"United States, IL",294,Aug 30-Sep 26 2026 (28d)
41,Vienna,Austria,289,Aug 30-Sep 26 2026 (28d)
42,New York,"United States, NY",286,Aug 30-Sep 26 2026 (28d)
43,Thessaloniki,"Greece, B",285,Aug 30-Sep 26 2026 (28d)
44,Kyiv,Ukraine,281,Aug 30-Sep 26 2026 (28d)
45,Dortmund,"Germany, NW",277,Aug 30-Sep 26 2026 (28d)
46,Calgary,"Canada, AB",269,Aug 30-Sep 26 2026 (28d)
47,Ottawa,"Canada, ON",268,Aug 30-Sep 26 2026 (28d)
48,Houston,"United States, TX",267,Aug 30-Sep 26 2026 (28d)
49,Amsterdam,"Netherlands, NH",265,Aug 30-Sep 26 2026 (28d)
50,Cape Town,"South Africa, WC",264,Aug 30-Sep 26 2026 (28d)
