category,rank,playlist,tracks,listeners_28d,streams_28d,date_added
Algorithmic,1,Radio,4 songs,55731,88844,
Algorithmic,2,Mixes,4 songs,6756,11998,
Algorithmic,3,Your DJ,3 songs,2958,4923,
Algorithmic,4,Discover Weekly,3 songs,784,1378,
Algorithmic,5,Smart Shuffle,3 songs,1024,1248,
Algorithmic,6,On Repeat,3 songs,74,398,
Algorithmic,7,Daylist,3 songs,163,188,
Algorithmic,8,Blend,3 songs,38,54,
Algorithmic,9,Repeat Rewind,2 songs,8,18,
Editorial,1,This Is Augxst,4 BRICKS DOWN,142,323,
Editorial,2,This Is sauvachi,3 songs,15,267,
Listener,1,Ambient Night Drive,4 BRICKS DOWN,688,1190,2026-08-26
Listener,2,Lithe type vibe songs,4 BRICKS DOWN,26,39,2026-02-19
Listener,3,IRIAS e LOVIXX,CARBON,8,25,2026-08-27
Listener,4,Dyce x Lithe x Augxst x Lovixx Vibes,4 BRICKS DOWN,6,24,2026-02-21
Listener,5,X1,2 songs,9,20,2026-08-11
Listener,6,Melodic Hip Hop & RnB,Halos,13,14,2026-09-25
Listener,7,LOVIXX,4 BRICKS DOWN,6,11,2025-10-18
Listener,8,Washing Skin Alyssa Grace,CARBON,6,11,2026-08-15
Listener,9,Auf und ab,CARBON,3,11,2026-02-27
Listener,10,YUNG CHEECH — night drive,not shown,4,10,2026-01-13
Listener,11,Dark R&B / Trap Soul,4 BRICKS DOWN,4,7,2026-06-22
Listener,12,Russian,CARBON,5,6,2026-01-31
Listener,13,Melodic Trap / Dark Alt R&B / Dark-Sensual Pop / Trap-Soul,THE SPLIT,3,4,2026-09-10
