rank,country,listeners_28d,pct_active,active_listeners,period
1,United States,13143,14.5%,1902,Aug 30-Sep 26 2026 (28d)
2,Germany,8850,11.7%,1036,Aug 30-Sep 26 2026 (28d)
3,Brazil,7158,6.1%,434,Aug 30-Sep 26 2026 (28d)
4,Canada,4003,15.6%,626,Aug 30-Sep 26 2026 (28d)
5,France,3795,9.4%,356,Aug 30-Sep 26 2026 (28d)
6,Australia,3089,11.4%,351,Aug 30-Sep 26 2026 (28d)
7,United Kingdom,2684,13.2%,353,Aug 30-Sep 26 2026 (28d)
8,Italy,1914,8.2%,156,Aug 30-Sep 26 2026 (28d)
9,Poland,1807,8.9%,161,Aug 30-Sep 26 2026 (28d)
10,Netherlands,1749,11.7%,205,Aug 30-Sep 26 2026 (28d)
11,Spain,1614,11.4%,184,Aug 30-Sep 26 2026 (28d)
12,Nigeria,1499,11.6%,174,Aug 30-Sep 26 2026 (28d)
13,Turkey,1421,9.6%,137,Aug 30-Sep 26 2026 (28d)
14,South Africa,1342,9.9%,133,Aug 30-Sep 26 2026 (28d)
15,Greece,1277,8.3%,106,Aug 30-Sep 26 2026 (28d)
16,Mexico,1226,11.4%,140,Aug 30-Sep 26 2026 (28d)
17,Belgium,1196,10.2%,122,Aug 30-Sep 26 2026 (28d)
18,Switzerland,1102,11.1%,122,Aug 30-Sep 26 2026 (28d)
19,Portugal,1005,6.6%,66,Aug 30-Sep 26 2026 (28d)
20,India,994,10.7%,106,Aug 30-Sep 26 2026 (28d)
21,Sweden,849,10.8%,92,Aug 30-Sep 26 2026 (28d)
22,Czech Republic,762,8.8%,67,Aug 30-Sep 26 2026 (28d)
23,Ukraine,759,9.9%,75,Aug 30-Sep 26 2026 (28d)
24,Hungary,713,9%,64,Aug 30-Sep 26 2026 (28d)
25,Romania,712,9.7%,69,Aug 30-Sep 26 2026 (28d)
26,Philippines,701,6.3%,44,Aug 30-Sep 26 2026 (28d)
27,Denmark,661,9.7%,64,Aug 30-Sep 26 2026 (28d)
28,Indonesia,641,4.4%,28,Aug 30-Sep 26 2026 (28d)
29,Austria,583,11.7%,68,Aug 30-Sep 26 2026 (28d)
30,Norway,528,10%,53,Aug 30-Sep 26 2026 (28d)
31,Egypt,507,14.8%,75,Aug 30-Sep 26 2026 (28d)
32,Malaysia,505,8.7%,44,Aug 30-Sep 26 2026 (28d)
33,Slovakia,460,7%,32,Aug 30-Sep 26 2026 (28d)
34,Taiwan,460,9.6%,44,Aug 30-Sep 26 2026 (28d)
35,New Zealand,399,12%,48,Aug 30-Sep 26 2026 (28d)
36,Vietnam,374,8.6%,32,Aug 30-Sep 26 2026 (28d)
37,Bulgaria,331,7.6%,25,Aug 30-Sep 26 2026 (28d)
38,Finland,325,8%,26,Aug 30-Sep 26 2026 (28d)
39,United Arab Emirates,324,15.7%,51,Aug 30-Sep 26 2026 (28d)
40,Singapore,309,12.6%,39,Aug 30-Sep 26 2026 (28d)
41,Israel,306,9.2%,28,Aug 30-Sep 26 2026 (28d)
42,Saudi Arabia,285,15.1%,43,Aug 30-Sep 26 2026 (28d)
43,Morocco,277,13.4%,37,Aug 30-Sep 26 2026 (28d)
44,Argentina,259,8.5%,22,Aug 30-Sep 26 2026 (28d)
45,Ireland,254,9.1%,23,Aug 30-Sep 26 2026 (28d)
46,Colombia,252,10.3%,26,Aug 30-Sep 26 2026 (28d)
47,Kenya,247,5.7%,14,Aug 30-Sep 26 2026 (28d)
48,Pakistan,230,17.4%,40,Aug 30-Sep 26 2026 (28d)
49,Thailand,224,8.9%,20,Aug 30-Sep 26 2026 (28d)
50,Azerbaijan,211,16.6%,35,Aug 30-Sep 26 2026 (28d)
51,Japan,206,13.1%,27,Aug 30-Sep 26 2026 (28d)
52,Lithuania,199,8%,16,Aug 30-Sep 26 2026 (28d)
53,Moldova,198,11.6%,23,Aug 30-Sep 26 2026 (28d)
54,Latvia,186,5.9%,11,Aug 30-Sep 26 2026 (28d)
55,Tunisia,148,6.8%,10,Aug 30-Sep 26 2026 (28d)
56,Cyprus,141,6.4%,9,Aug 30-Sep 26 2026 (28d)
57,Chile,137,8.8%,12,Aug 30-Sep 26 2026 (28d)
58,Malawi,124,6.5%,8,Aug 30-Sep 26 2026 (28d)
59,Hong Kong,117,8.5%,10,Aug 30-Sep 26 2026 (28d)
60,Sri Lanka,116,2.6%,3,Aug 30-Sep 26 2026 (28d)
61,Ghana,116,15.5%,18,Aug 30-Sep 26 2026 (28d)
62,Algeria,114,8.8%,10,Aug 30-Sep 26 2026 (28d)
63,South Korea,110,13.6%,15,Aug 30-Sep 26 2026 (28d)
64,Costa Rica,106,7.5%,8,Aug 30-Sep 26 2026 (28d)
65,Luxembourg,102,8.8%,9,Aug 30-Sep 26 2026 (28d)
66,Estonia,100,3%,3,Aug 30-Sep 26 2026 (28d)
67,Bangladesh,93,12.9%,12,Aug 30-Sep 26 2026 (28d)
68,Croatia,90,16.7%,15,Aug 30-Sep 26 2026 (28d)
69,Malta,89,3.4%,3,Aug 30-Sep 26 2026 (28d)
70,Kazakhstan,84,8.3%,7,Aug 30-Sep 26 2026 (28d)
71,Belarus,81,12.3%,10,Aug 30-Sep 26 2026 (28d)
72,Serbia,75,12%,9,Aug 30-Sep 26 2026 (28d)
73,Angola,73,8.2%,6,Aug 30-Sep 26 2026 (28d)
74,Zambia,70,21.4%,15,Aug 30-Sep 26 2026 (28d)
75,Peru,68,14.7%,10,Aug 30-Sep 26 2026 (28d)
76,Uganda,67,4.5%,3,Aug 30-Sep 26 2026 (28d)
77,Tanzania,59,6.8%,4,Aug 30-Sep 26 2026 (28d)
78,Guatemala,55,10.9%,6,Aug 30-Sep 26 2026 (28d)
79,Albania,51,15.7%,8,Aug 30-Sep 26 2026 (28d)
80,Zimbabwe,51,7.8%,4,Aug 30-Sep 26 2026 (28d)
81,Dominican Republic,51,7.8%,4,Aug 30-Sep 26 2026 (28d)
82,Georgia,48,6.3%,3,Aug 30-Sep 26 2026 (28d)
83,Kuwait,44,13.6%,6,Aug 30-Sep 26 2026 (28d)
84,Mozambique,44,4.5%,2,Aug 30-Sep 26 2026 (28d)
85,Bosnia And Herzegovina,42,9.5%,4,Aug 30-Sep 26 2026 (28d)
86,Lebanon,42,21.4%,9,Aug 30-Sep 26 2026 (28d)
87,Ecuador,42,11.9%,5,Aug 30-Sep 26 2026 (28d)
88,Uzbekistan,42,11.9%,5,Aug 30-Sep 26 2026 (28d)
89,Iraq,41,14.6%,6,Aug 30-Sep 26 2026 (28d)
90,Brunei Darussalam,41,9.8%,4,Aug 30-Sep 26 2026 (28d)
91,Jordan,40,10%,4,Aug 30-Sep 26 2026 (28d)
92,Kosovo,40,10%,4,Aug 30-Sep 26 2026 (28d)
93,Slovenia,38,7.9%,3,Aug 30-Sep 26 2026 (28d)
94,El Salvador,38,2.6%,1,Aug 30-Sep 26 2026 (28d)
95,Panama,38,7.9%,3,Aug 30-Sep 26 2026 (28d)
96,Iceland,35,11.4%,4,Aug 30-Sep 26 2026 (28d)
97,Côte d'Ivoire,34,11.8%,4,Aug 30-Sep 26 2026 (28d)
98,Democratic Republic of the Congo,33,12.1%,4,Aug 30-Sep 26 2026 (28d)
99,Bahrain,32,46.9%,15,Aug 30-Sep 26 2026 (28d)
100,Cameroon,31,—,—,Aug 30-Sep 26 2026 (28d)
101,Armenia,30,13.3%,4,Aug 30-Sep 26 2026 (28d)
102,Qatar,27,7.4%,2,Aug 30-Sep 26 2026 (28d)
103,North Macedonia,27,3.7%,1,Aug 30-Sep 26 2026 (28d)
104,Mauritius,27,3.7%,1,Aug 30-Sep 26 2026 (28d)
105,Jamaica,26,15.4%,4,Aug 30-Sep 26 2026 (28d)
106,Rwanda,26,11.5%,3,Aug 30-Sep 26 2026 (28d)
107,Maldives,26,15.4%,4,Aug 30-Sep 26 2026 (28d)
108,Oman,26,23.1%,6,Aug 30-Sep 26 2026 (28d)
109,Guinea,24,20.8%,5,Aug 30-Sep 26 2026 (28d)
110,Uruguay,23,4.3%,1,Aug 30-Sep 26 2026 (28d)
111,Libya,22,9.1%,2,Aug 30-Sep 26 2026 (28d)
112,Madagascar,22,18.2%,4,Aug 30-Sep 26 2026 (28d)
113,Cambodia,20,—,—,Aug 30-Sep 26 2026 (28d)
114,Venezuela,20,10%,2,Aug 30-Sep 26 2026 (28d)
115,Nepal,20,5%,1,Aug 30-Sep 26 2026 (28d)
116,Paraguay,19,10.5%,2,Aug 30-Sep 26 2026 (28d)
117,Montenegro,19,10.5%,2,Aug 30-Sep 26 2026 (28d)
118,Senegal,17,11.8%,2,Aug 30-Sep 26 2026 (28d)
119,Mongolia,17,11.8%,2,Aug 30-Sep 26 2026 (28d)
120,Ethiopia,17,5.9%,1,Aug 30-Sep 26 2026 (28d)
121,Benin,15,6.7%,1,Aug 30-Sep 26 2026 (28d)
122,Namibia,15,20%,3,Aug 30-Sep 26 2026 (28d)
123,Haiti,14,7.1%,1,Aug 30-Sep 26 2026 (28d)
124,Honduras,13,—,—,Aug 30-Sep 26 2026 (28d)
125,Bolivia,13,7.7%,1,Aug 30-Sep 26 2026 (28d)
126,Curacao,13,7.7%,1,Aug 30-Sep 26 2026 (28d)
127,Nicaragua,13,23.1%,3,Aug 30-Sep 26 2026 (28d)
128,Cabo Verde,12,33.3%,4,Aug 30-Sep 26 2026 (28d)
129,Trinidad And Tobago,11,—,—,Aug 30-Sep 26 2026 (28d)
130,Botswana,10,10%,1,Aug 30-Sep 26 2026 (28d)
131,Eswatini,10,10%,1,Aug 30-Sep 26 2026 (28d)
132,Tajikistan,10,—,—,Aug 30-Sep 26 2026 (28d)
133,Mali,9,44.4%,4,Aug 30-Sep 26 2026 (28d)
134,Barbados,8,12.5%,1,Aug 30-Sep 26 2026 (28d)
135,Kyrgyzstan,8,12.5%,1,Aug 30-Sep 26 2026 (28d)
136,Togo,8,25%,2,Aug 30-Sep 26 2026 (28d)
137,Guyana,8,—,—,Aug 30-Sep 26 2026 (28d)
138,Burkina Faso,7,—,—,Aug 30-Sep 26 2026 (28d)
139,Seychelles,7,—,—,Aug 30-Sep 26 2026 (28d)
140,Papua New Guinea,7,—,—,Aug 30-Sep 26 2026 (28d)
141,Andorra,6,16.7%,1,Aug 30-Sep 26 2026 (28d)
142,Suriname,6,—,—,Aug 30-Sep 26 2026 (28d)
143,Belize,5,—,—,Aug 30-Sep 26 2026 (28d)
144,Sierra Leone,5,—,—,Aug 30-Sep 26 2026 (28d)
145,Monaco,5,20%,1,Aug 30-Sep 26 2026 (28d)
146,Palestinian Territories,4,—,—,Aug 30-Sep 26 2026 (28d)
147,Liberia,4,50%,2,Aug 30-Sep 26 2026 (28d)
148,Lesotho,4,—,—,Aug 30-Sep 26 2026 (28d)
149,Macau,4,—,—,Aug 30-Sep 26 2026 (28d)
150,Fiji,4,25%,1,Aug 30-Sep 26 2026 (28d)
151,Gabon,4,—,—,Aug 30-Sep 26 2026 (28d)
152,Gambia,4,25%,1,Aug 30-Sep 26 2026 (28d)
153,Lao People's Democratic Republic,3,—,—,Aug 30-Sep 26 2026 (28d)
154,Djibouti,3,—,—,Aug 30-Sep 26 2026 (28d)
