date,listeners,monthly listeners,monthly active listeners,super listeners,streams,playlist adds,saves,followers
2024-01-01,0,0,0,0,0,0,0,0
2024-01-02,0,0,0,0,0,0,0,0
2024-01-03,0,0,0,0,0,0,0,0
2024-01-04,0,0,0,0,0,0,0,0
2024-01-05,0,0,0,0,0,0,0,0
2024-01-06,0,0,0,0,0,0,0,0
2024-01-07,0,0,0,0,0,0,0,0
2024-01-08,0,0,0,0,0,0,0,0
2024-01-09,0,0,0,0,0,0,0,0
2024-01-10,0,0,0,0,0,0,0,0
2024-01-11,0,0,0,0,0,0,0,0
2024-01-12,0,0,0,0,0,0,0,0
2024-01-13,0,0,0,0,0,0,0,0
2024-01-14,0,0,0,0,0,0,0,0
2024-01-15,0,0,0,0,0,0,0,0
2024-01-16,0,0,0,0,0,0,0,0
2024-01-17,0,0,0,0,0,0,0,0
2024-01-18,0,0,0,0,0,0,0,0
2024-01-19,0,0,0,0,0,0,0,0
2024-01-20,0,0,0,0,0,0,0,0
2024-01-21,0,0,0,0,0,0,0,0
2024-01-22,0,0,0,0,0,0,0,0
2024-01-23,0,0,0,0,0,0,0,0
2024-01-24,0,0,0,0,0,0,0,0
2024-01-25,0,0,0,0,0,0,0,0
2024-01-26,0,0,0,0,0,0,0,0
2024-01-27,0,0,0,0,0,0,0,0
2024-01-28,0,0,0,0,0,0,0,0
2024-01-29,0,0,0,0,0,0,0,0
2024-01-30,0,0,0,0,0,0,0,0
2024-01-31,0,0,0,0,0,0,0,0
2024-02-01,0,0,0,0,0,0,0,0
2024-02-02,0,0,0,0,0,0,0,0
2024-02-03,0,0,0,0,0,0,0,0
2024-02-04,0,0,0,0,0,0,0,0
2024-02-05,0,0,0,0,0,0,0,0
2024-02-06,0,0,0,0,0,0,0,0
2024-02-07,0,0,0,0,0,0,0,0
2024-02-08,0,0,0,0,0,0,0,0
2024-02-09,0,0,0,0,0,0,0,0
2024-02-10,0,0,0,0,0,0,0,0
2024-02-11,0,0,0,0,0,0,0,0
2024-02-12,0,0,0,0,0,0,0,0
2024-02-13,0,0,0,0,0,0,0,0
2024-02-14,0,0,0,0,0,0,0,0
2024-02-15,0,0,0,0,0,0,0,0
2024-02-16,0,0,0,0,0,0,0,0
2024-02-17,0,0,0,0,0,0,0,0
2024-02-18,0,0,0,0,0,0,0,0
2024-02-19,0,0,0,0,0,0,0,0
2024-02-20,0,0,0,0,0,0,0,0
2024-02-21,0,0,0,0,0,0,0,0
2024-02-22,0,0,0,0,0,0,0,0
2024-02-23,0,0,0,0,0,0,0,0
2024-02-24,0,0,0,0,0,0,0,0
2024-02-25,0,0,0,0,0,0,0,0
2024-02-26,0,0,0,0,0,0,0,0
2024-02-27,0,0,0,0,0,0,0,0
2024-02-28,0,0,0,0,0,0,0,0
2024-02-29,0,0,0,0,0,0,0,0
2024-03-01,0,0,0,0,0,0,0,0
2024-03-02,0,0,0,0,0,0,0,0
2024-03-03,0,0,0,0,0,0,0,0
2024-03-04,0,0,0,0,0,0,0,0
2024-03-05,0,0,0,0,0,0,0,0
2024-03-06,0,0,0,0,0,0,0,0
2024-03-07,0,0,0,0,0,0,0,0
2024-03-08,0,0,0,0,0,0,0,0
2024-03-09,0,0,0,0,0,0,0,0
2024-03-10,0,0,0,0,0,0,0,0
2024-03-11,0,0,0,0,0,0,0,0
2024-03-12,0,0,0,0,0,0,0,0
2024-03-13,0,0,0,0,0,0,0,0
2024-03-14,0,0,0,0,0,0,0,0
2024-03-15,0,0,0,0,0,0,0,0
2024-03-16,0,0,0,0,0,0,0,0
2024-03-17,0,0,0,0,0,0,0,0
2024-03-18,0,0,0,0,0,0,0,0
2024-03-19,0,0,0,0,0,0,0,0
2024-03-20,0,0,0,0,0,0,0,0
2024-03-21,0,0,0,0,0,0,0,0
2024-03-22,0,0,0,0,0,0,0,0
2024-03-23,0,0,0,0,0,0,0,0
2024-03-24,0,0,0,0,0,0,0,0
2024-03-25,0,0,0,0,0,0,0,0
2024-03-26,0,0,0,0,0,0,0,0
2024-03-27,0,0,0,0,0,0,0,0
2024-03-28,0,0,0,0,0,0,0,0
2024-03-29,0,0,0,0,0,0,0,0
2024-03-30,0,0,0,0,0,0,0,0
2024-03-31,0,0,0,0,0,0,0,0
2024-04-01,0,0,0,0,0,0,0,0
2024-04-02,0,0,0,0,0,0,0,0
2024-04-03,0,0,0,0,0,0,0,0
2024-04-04,0,0,0,0,0,0,0,0
2024-04-05,0,0,0,0,0,0,0,0
2024-04-06,0,0,0,0,0,0,0,0
2024-04-07,0,0,0,0,0,0,0,0
2024-04-08,0,0,0,0,0,0,0,0
2024-04-09,0,0,0,0,0,0,0,0
2024-04-10,0,0,0,0,0,0,0,0
2024-04-11,0,0,0,0,0,0,0,0
2024-04-12,0,0,0,0,0,0,0,0
2024-04-13,0,0,0,0,0,0,0,0
2024-04-14,0,0,0,0,0,0,0,0
2024-04-15,0,0,0,0,0,0,0,0
2024-04-16,0,0,0,0,0,0,0,0
2024-04-17,0,0,0,0,0,0,0,0
2024-04-18,0,0,0,0,0,0,0,0
2024-04-19,0,0,0,0,0,0,0,0
2024-04-20,0,0,0,0,0,0,0,0
2024-04-21,0,0,0,0,0,0,0,0
2024-04-22,0,0,0,0,0,0,0,0
2024-04-23,0,0,0,0,0,0,0,0
2024-04-24,0,0,0,0,0,0,0,0
2024-04-25,0,0,0,0,0,0,0,0
2024-04-26,0,0,0,0,0,0,0,0
2024-04-27,0,0,0,0,0,0,0,0
2024-04-28,0,0,0,0,0,0,0,0
2024-04-29,0,0,0,0,0,0,0,0
2024-04-30,0,0,0,0,0,0,0,0
2024-05-01,0,0,0,0,0,0,0,0
2024-05-02,0,0,0,0,0,0,0,0
2024-05-03,0,0,0,0,0,0,0,0
2024-05-04,0,0,0,0,0,0,0,0
2024-05-05,0,0,0,0,0,0,0,0
2024-05-06,0,0,0,0,0,0,0,0
2024-05-07,0,0,0,0,0,0,0,0
2024-05-08,0,0,0,0,0,0,0,0
2024-05-09,0,0,0,0,0,0,0,0
2024-05-10,0,0,0,0,0,0,0,0
2024-05-11,0,0,0,0,0,0,0,0
2024-05-12,0,0,0,0,0,0,0,0
2024-05-13,0,0,0,0,0,0,0,0
2024-05-14,0,0,0,0,0,0,0,0
2024-05-15,0,0,0,0,0,0,0,0
2024-05-16,0,0,0,0,0,0,0,0
2024-05-17,0,0,0,0,0,0,0,0
2024-05-18,0,0,0,0,0,0,0,0
2024-05-19,0,0,0,0,0,0,0,0
2024-05-20,0,0,0,0,0,0,0,0
2024-05-21,0,0,0,0,0,0,0,0
2024-05-22,0,0,0,0,0,0,0,0
2024-05-23,0,0,0,0,0,0,0,0
2024-05-24,0,0,0,0,0,0,0,0
2024-05-25,0,0,0,0,0,0,0,0
2024-05-26,0,0,0,0,0,0,0,0
2024-05-27,0,0,0,0,0,0,0,0
2024-05-28,0,0,0,0,0,0,0,0
2024-05-29,0,0,0,0,0,0,0,0
2024-05-30,0,0,0,0,0,0,0,0
2024-05-31,0,0,0,0,0,0,0,0
2024-06-01,0,0,0,0,0,0,0,0
2024-06-02,0,0,0,0,0,0,0,0
2024-06-03,0,0,0,0,0,0,0,0
2024-06-04,0,0,0,0,0,0,0,0
2024-06-05,0,0,0,0,0,0,0,0
2024-06-06,0,0,0,0,0,0,0,0
2024-06-07,0,0,0,0,0,0,0,0
2024-06-08,0,0,0,0,0,0,0,0
2024-06-09,0,0,0,0,0,0,0,0
2024-06-10,0,0,0,0,0,0,0,0
2024-06-11,0,0,0,0,0,0,0,0
2024-06-12,0,0,0,0,0,0,0,0
2024-06-13,0,0,0,0,0,0,0,0
2024-06-14,0,0,0,0,0,0,0,0
2024-06-15,0,0,0,0,0,0,0,0
2024-06-16,0,0,0,0,0,0,0,0
2024-06-17,0,0,0,0,0,0,0,0
2024-06-18,0,0,0,0,0,0,0,0
2024-06-19,0,0,0,0,0,0,0,0
2024-06-20,0,0,0,0,0,0,0,0
2024-06-21,0,0,0,0,0,0,0,0
2024-06-22,0,0,0,0,0,0,0,0
2024-06-23,0,0,0,0,0,0,0,0
2024-06-24,0,0,0,0,0,0,0,0
2024-06-25,0,0,0,0,0,0,0,0
2024-06-26,0,0,0,0,0,0,0,0
2024-06-27,0,0,0,0,0,0,0,0
2024-06-28,0,0,0,0,0,0,0,0
2024-06-29,0,0,0,0,0,0,0,0
2024-06-30,0,0,0,0,0,0,0,0
2024-07-01,0,0,0,0,0,0,0,0
2024-07-02,0,0,0,0,0,0,0,0
2024-07-03,0,0,0,0,0,0,0,0
2024-07-04,0,0,0,0,0,0,0,0
2024-07-05,0,0,0,0,0,0,0,0
2024-07-06,0,0,0,0,0,0,0,0
2024-07-07,0,0,0,0,0,0,0,0
2024-07-08,0,0,0,0,0,0,0,0
2024-07-09,0,0,0,0,0,0,0,0
2024-07-10,0,0,0,0,0,0,0,0
2024-07-11,0,0,0,0,0,0,0,0
2024-07-12,0,0,0,0,0,0,0,0
2024-07-13,0,0,0,0,0,0,0,0
2024-07-14,0,0,0,0,0,0,0,0
2024-07-15,0,0,0,0,0,0,0,0
2024-07-16,0,0,0,0,0,0,0,0
2024-07-17,0,0,0,0,0,0,0,0
2024-07-18,0,0,0,0,0,0,0,0
2024-07-19,0,0,0,0,0,0,0,0
2024-07-20,0,0,0,0,0,0,0,0
2024-07-21,0,0,0,0,0,0,0,0
2024-07-22,0,0,0,0,0,0,0,0
2024-07-23,0,0,0,0,0,0,0,0
2024-07-24,0,0,0,0,0,0,0,0
2024-07-25,0,0,0,0,0,0,0,0
2024-07-26,0,0,0,0,0,0,0,0
2024-07-27,0,0,0,0,0,0,0,0
2024-07-28,0,0,0,0,0,0,0,0
2024-07-29,0,0,0,0,0,0,0,0
2024-07-30,0,0,0,0,0,0,0,0
2024-07-31,0,0,0,0,0,0,0,0
2024-08-01,0,0,0,0,0,0,0,0
2024-08-02,0,0,0,0,0,0,0,0
2024-08-03,0,0,0,0,0,0,0,0
2024-08-04,0,0,0,0,0,0,0,0
2024-08-05,0,0,0,0,0,0,0,0
2024-08-06,0,0,0,0,0,0,0,0
2024-08-07,0,0,0,0,0,0,0,0
2024-08-08,0,0,0,0,0,0,0,0
2024-08-09,0,0,0,0,0,0,0,0
2024-08-10,0,0,0,0,0,0,0,0
2024-08-11,0,0,0,0,0,0,0,0
2024-08-12,0,0,0,0,0,0,0,0
2024-08-13,0,0,0,0,0,0,0,0
2024-08-14,0,0,0,0,0,0,0,0
2024-08-15,0,0,0,0,0,0,0,0
2024-08-16,0,0,0,0,0,0,0,0
2024-08-17,0,0,0,0,0,0,0,0
2024-08-18,0,0,0,0,0,0,0,0
2024-08-19,0,0,0,0,0,0,0,0
2024-08-20,0,0,0,0,0,0,0,0
2024-08-21,0,0,0,0,0,0,0,0
2024-08-22,0,0,0,0,0,0,0,0
2024-08-23,0,0,0,0,0,0,0,0
2024-08-24,0,0,0,0,0,0,0,0
2024-08-25,0,0,0,0,0,0,0,0
2024-08-26,0,0,0,0,0,0,0,0
2024-08-27,0,0,0,0,0,0,0,0
2024-08-28,0,0,0,0,0,0,0,0
2024-08-29,0,0,0,0,0,0,0,0
2024-08-30,0,0,0,0,0,0,0,0
2024-08-31,0,0,0,0,0,0,0,0
2024-09-01,0,0,0,0,0,0,0,0
2024-09-02,0,0,0,0,0,0,0,0
2024-09-03,0,0,0,0,0,0,0,0
2024-09-04,0,0,0,0,0,0,0,0
2024-09-05,0,0,0,0,0,0,0,0
2024-09-06,0,0,0,0,0,0,0,0
2024-09-07,0,0,0,0,0,0,0,0
2024-09-08,0,0,0,0,0,0,0,0
2024-09-09,0,0,0,0,0,0,0,0
2024-09-10,0,0,0,0,0,0,0,0
2024-09-11,0,0,0,0,0,0,0,0
2024-09-12,0,0,0,0,0,0,0,0
2024-09-13,0,0,0,0,0,0,0,0
2024-09-14,0,0,0,0,0,0,0,0
2024-09-15,0,0,0,0,0,0,0,0
2024-09-16,0,0,0,0,0,0,0,0
2024-09-17,0,0,0,0,0,0,0,0
2024-09-18,0,0,0,0,0,0,0,0
2024-09-19,0,0,0,0,0,0,0,0
2024-09-20,0,0,0,0,0,0,0,0
2024-09-21,0,0,0,0,0,0,0,0
2024-09-22,0,0,0,0,0,0,0,0
2024-09-23,0,0,0,0,0,0,0,0
2024-09-24,0,0,0,0,0,0,0,0
2024-09-25,0,0,0,0,0,0,0,0
2024-09-26,0,0,0,0,0,0,0,0
2024-09-27,0,0,0,0,0,0,0,0
2024-09-28,0,0,0,0,0,0,0,0
2024-09-29,0,0,0,0,0,0,0,0
2024-09-30,0,0,0,0,0,0,0,0
2024-10-01,0,0,0,0,0,0,0,0
2024-10-02,0,0,0,0,0,0,0,0
2024-10-03,0,0,0,0,0,0,0,0
2024-10-04,0,0,0,0,0,0,0,0
2024-10-05,0,0,0,0,0,0,0,0
2024-10-06,0,0,0,0,0,0,0,0
2024-10-07,0,0,0,0,0,0,0,0
2024-10-08,0,0,0,0,0,0,0,0
2024-10-09,0,0,0,0,0,0,0,0
2024-10-10,0,0,0,0,0,0,0,0
2024-10-11,0,0,0,0,0,0,0,0
2024-10-12,0,0,0,0,0,0,0,0
2024-10-13,0,0,0,0,0,0,0,0
2024-10-14,0,0,0,0,0,0,0,0
2024-10-15,0,0,0,0,0,0,0,0
2024-10-16,0,0,0,0,0,0,0,0
2024-10-17,0,0,0,0,0,0,0,0
2024-10-18,0,0,0,0,0,0,0,0
2024-10-19,0,0,0,0,0,0,0,0
2024-10-20,0,0,0,0,0,0,0,0
2024-10-21,0,0,0,0,0,0,0,0
2024-10-22,0,0,0,0,0,0,0,0
2024-10-23,0,0,0,0,0,0,0,0
2024-10-24,0,0,0,0,0,0,0,0
2024-10-25,0,0,0,0,0,0,0,0
2024-10-26,0,0,0,0,0,0,0,0
2024-10-27,0,0,0,0,0,0,0,0
2024-10-28,0,0,0,0,0,0,0,0
2024-10-29,0,0,0,0,0,0,0,0
2024-10-30,0,0,0,0,0,0,0,0
2024-10-31,0,0,0,0,0,0,0,0
2024-11-01,0,0,0,0,0,0,0,0
2024-11-02,0,0,0,0,0,0,0,0
2024-11-03,0,0,0,0,0,0,0,0
2024-11-04,0,0,0,0,0,0,0,0
2024-11-05,0,0,0,0,0,0,0,0
2024-11-06,0,0,0,0,0,0,0,0
2024-11-07,0,0,0,0,0,0,0,0
2024-11-08,0,0,0,0,0,0,0,0
2024-11-09,0,0,0,0,0,0,0,0
2024-11-10,0,0,0,0,0,0,0,0
2024-11-11,0,0,0,0,0,0,0,0
2024-11-12,0,0,0,0,0,0,0,0
2024-11-13,0,0,0,0,0,0,0,0
2024-11-14,0,0,0,0,0,0,0,0
2024-11-15,0,0,0,0,0,0,0,0
2024-11-16,0,0,0,0,0,0,0,0
2024-11-17,0,0,0,0,0,0,0,0
2024-11-18,0,0,0,0,0,0,0,0
2024-11-19,0,0,0,0,0,0,0,0
2024-11-20,0,0,0,0,0,0,0,0
2024-11-21,0,0,0,0,0,0,0,0
2024-11-22,0,0,0,0,0,0,0,0
2024-11-23,0,0,0,0,0,0,0,0
2024-11-24,0,0,0,0,0,0,0,0
2024-11-25,0,0,0,0,0,0,0,0
2024-11-26,0,0,0,0,0,0,0,0
2024-11-27,0,0,0,0,0,0,0,0
2024-11-28,0,0,0,0,0,0,0,0
2024-11-29,0,0,0,0,0,0,0,0
2024-11-30,0,0,0,0,0,0,0,0
2024-12-01,0,0,0,0,0,0,0,0
2024-12-02,0,0,0,0,0,0,0,0
2024-12-03,0,0,0,0,0,0,0,0
2024-12-04,0,0,0,0,0,0,0,0
2024-12-05,0,0,0,0,0,0,0,0
2024-12-06,0,0,0,0,0,0,0,0
2024-12-07,0,0,0,0,0,0,0,0
2024-12-08,0,0,0,0,0,0,0,0
2024-12-09,0,0,0,0,0,0,0,0
2024-12-10,0,0,0,0,0,0,0,0
2024-12-11,0,0,0,0,0,0,0,0
2024-12-12,0,0,0,0,0,0,0,0
2024-12-13,0,0,0,0,0,0,0,0
2024-12-14,0,0,0,0,0,0,0,0
2024-12-15,0,0,0,0,0,0,0,0
2024-12-16,0,0,0,0,0,0,0,0
2024-12-17,0,0,0,0,0,0,0,0
2024-12-18,0,0,0,0,0,0,0,0
2024-12-19,0,0,0,0,0,0,0,0
2024-12-20,0,0,0,0,0,0,0,0
2024-12-21,0,0,0,0,0,0,0,0
2024-12-22,0,0,0,0,0,0,0,0
2024-12-23,0,0,0,0,0,0,0,0
2024-12-24,0,0,0,0,0,0,0,0
2024-12-25,0,0,0,0,0,0,0,0
2024-12-26,0,0,0,0,0,0,0,0
2024-12-27,0,0,0,0,0,0,0,0
2024-12-28,0,0,0,0,0,0,0,0
2024-12-29,0,0,0,0,0,0,0,0
2024-12-30,0,0,0,0,0,0,0,0
2024-12-31,0,0,0,0,0,0,0,0
2025-01-01,0,0,0,0,0,0,0,0
2025-01-02,0,0,0,0,0,0,0,0
2025-01-03,0,0,0,0,0,0,0,0
2025-01-04,0,0,0,0,0,0,0,0
2025-01-05,0,0,0,0,0,0,0,0
2025-01-06,0,0,0,0,0,0,0,0
2025-01-07,0,0,0,0,0,0,0,0
2025-01-08,0,0,0,0,0,0,0,0
2025-01-09,0,0,0,0,0,0,0,0
2025-01-10,0,0,0,0,0,0,0,0
2025-01-11,0,0,0,0,0,0,0,0
2025-01-12,0,0,0,0,0,0,0,0
2025-01-13,0,0,0,0,0,0,0,0
2025-01-14,0,0,0,0,0,0,0,0
2025-01-15,0,0,0,0,0,0,0,0
2025-01-16,0,0,0,0,0,0,0,0
2025-01-17,0,0,0,0,0,0,0,0
2025-01-18,0,0,0,0,0,0,0,0
2025-01-19,0,0,0,0,0,0,0,0
2025-01-20,0,0,0,0,0,0,0,0
2025-01-21,0,0,0,0,0,0,0,0
2025-01-22,0,0,0,0,0,0,0,0
2025-01-23,0,0,0,0,0,0,0,0
2025-01-24,0,0,0,0,0,0,0,0
2025-01-25,0,0,0,0,0,0,0,0
2025-01-26,0,0,0,0,0,0,0,0
2025-01-27,0,0,0,0,0,0,0,0
2025-01-28,0,0,0,0,0,0,0,0
2025-01-29,0,0,0,0,0,0,0,0
2025-01-30,0,0,0,0,0,0,0,0
2025-01-31,0,0,0,0,0,0,0,0
2025-02-01,0,0,0,0,0,0,0,0
2025-02-02,0,0,0,0,0,0,0,0
2025-02-03,0,0,0,0,0,0,0,0
2025-02-04,0,0,0,0,0,0,0,0
2025-02-05,0,0,0,0,0,0,0,0
2025-02-06,0,0,0,0,0,0,0,0
2025-02-07,0,0,0,0,0,0,0,0
2025-02-08,0,0,0,0,0,0,0,0
2025-02-09,0,0,0,0,0,0,0,0
2025-02-10,0,0,0,0,0,0,0,0
2025-02-11,0,0,0,0,0,0,0,0
2025-02-12,0,0,0,0,0,0,0,0
2025-02-13,0,0,0,0,0,0,0,0
2025-02-14,0,0,0,0,0,0,0,0
2025-02-15,0,0,0,0,0,0,0,0
2025-02-16,0,0,0,0,0,0,0,0
2025-02-17,0,0,0,0,0,0,0,0
2025-02-18,0,0,0,0,0,0,0,0
2025-02-19,0,0,0,0,0,0,0,0
2025-02-20,0,0,0,0,0,0,0,0
2025-02-21,0,0,0,0,0,0,0,0
2025-02-22,0,0,0,0,0,0,0,0
2025-02-23,0,0,0,0,0,0,0,0
2025-02-24,0,0,0,0,0,0,0,0
2025-02-25,0,0,0,0,0,0,0,0
2025-02-26,0,0,0,0,0,0,0,0
2025-02-27,0,0,0,0,0,0,0,0
2025-02-28,0,0,0,0,0,0,0,0
2025-03-01,0,0,0,0,0,0,0,0
2025-03-02,0,0,0,0,0,0,0,0
2025-03-03,0,0,0,0,0,0,0,0
2025-03-04,0,0,0,0,0,0,0,0
2025-03-05,0,0,0,0,0,0,0,0
2025-03-06,0,0,0,0,0,0,0,0
2025-03-07,0,0,0,0,0,0,0,0
2025-03-08,0,0,0,0,0,0,0,0
2025-03-09,0,0,0,0,0,0,0,0
2025-03-10,0,0,0,0,0,0,0,0
2025-03-11,0,0,0,0,0,0,0,0
2025-03-12,0,0,0,0,0,0,0,0
2025-03-13,0,0,0,0,0,0,0,0
2025-03-14,0,0,0,0,0,0,0,0
2025-03-15,0,0,0,0,0,0,0,0
2025-03-16,0,0,0,0,0,0,0,0
2025-03-17,0,0,0,0,0,0,0,0
2025-03-18,0,0,0,0,0,0,0,0
2025-03-19,0,0,0,0,0,0,0,0
2025-03-20,0,0,0,0,0,0,0,0
2025-03-21,0,0,0,0,0,0,0,0
2025-03-22,0,0,0,0,0,0,0,0
2025-03-23,0,0,0,0,0,0,0,0
2025-03-24,0,0,0,0,0,0,0,0
2025-03-25,0,0,0,0,0,0,0,0
2025-03-26,0,0,0,0,0,0,0,0
2025-03-27,0,0,0,0,0,0,0,0
2025-03-28,0,0,0,0,0,0,0,0
2025-03-29,0,0,0,0,0,0,0,0
2025-03-30,0,0,0,0,0,0,0,0
2025-03-31,0,0,0,0,0,0,0,0
2025-04-01,0,0,0,0,0,0,0,0
2025-04-02,0,0,0,0,0,0,0,0
2025-04-03,0,0,0,0,0,0,0,0
2025-04-04,0,0,0,0,0,0,0,0
2025-04-05,0,0,0,0,0,0,0,0
2025-04-06,0,0,0,0,0,0,0,0
2025-04-07,0,0,0,0,0,0,0,0
2025-04-08,0,0,0,0,0,0,0,0
2025-04-09,0,0,0,0,0,0,0,0
2025-04-10,0,0,0,0,0,0,0,0
2025-04-11,0,0,0,0,0,0,0,0
2025-04-12,0,0,0,0,0,0,0,0
2025-04-13,0,0,0,0,0,0,0,0
2025-04-14,0,0,0,0,0,0,0,0
2025-04-15,0,0,0,0,0,0,0,0
2025-04-16,0,0,0,0,0,0,0,0
2025-04-17,0,0,0,0,0,0,0,0
2025-04-18,0,0,0,0,0,0,0,0
2025-04-19,0,0,0,0,0,0,0,0
2025-04-20,0,0,0,0,0,0,0,0
2025-04-21,0,0,0,0,0,0,0,0
2025-04-22,0,0,0,0,0,0,0,0
2025-04-23,0,0,0,0,0,0,0,0
2025-04-24,0,0,0,0,0,0,0,0
2025-04-25,0,0,0,0,0,0,0,0
2025-04-26,0,0,0,0,0,0,0,0
2025-04-27,0,0,0,0,0,0,0,0
2025-04-28,0,0,0,0,0,0,0,0
2025-04-29,0,0,0,0,0,0,0,0
2025-04-30,0,0,0,0,0,0,0,0
2025-05-01,0,0,0,0,0,0,0,0
2025-05-02,0,0,0,0,0,0,0,0
2025-05-03,0,0,0,0,0,0,0,0
2025-05-04,0,0,0,0,0,0,0,0
2025-05-05,0,0,0,0,0,0,0,0
2025-05-06,0,0,0,0,0,0,0,0
2025-05-07,0,0,0,0,0,0,0,0
2025-05-08,0,0,0,0,0,0,0,0
2025-05-09,0,0,0,0,0,0,0,0
2025-05-10,0,0,0,0,0,0,0,0
2025-05-11,0,0,0,0,0,0,0,0
2025-05-12,0,0,0,0,0,0,0,0
2025-05-13,0,0,0,0,0,0,0,0
2025-05-14,0,0,0,0,0,0,0,0
2025-05-15,0,0,0,0,0,0,0,0
2025-05-16,0,0,0,0,0,0,0,0
2025-05-17,0,0,0,0,0,0,0,0
2025-05-18,0,0,0,0,0,0,0,0
2025-05-19,0,0,0,0,0,0,0,0
2025-05-20,0,0,0,0,0,0,0,0
2025-05-21,0,0,0,0,0,0,0,0
2025-05-22,0,0,0,0,0,0,0,0
2025-05-23,0,0,0,0,0,0,0,0
2025-05-24,0,0,0,0,0,0,0,0
2025-05-25,0,0,0,0,0,0,0,0
2025-05-26,0,0,0,0,0,0,0,0
2025-05-27,0,0,0,0,0,0,0,0
2025-05-28,0,0,0,0,0,0,0,0
2025-05-29,0,0,0,0,0,0,0,0
2025-05-30,0,0,0,0,0,0,0,0
2025-05-31,0,0,0,0,0,0,0,0
2025-06-01,0,0,0,0,0,0,0,0
2025-06-02,0,0,0,0,0,0,0,0
2025-06-03,0,0,0,0,0,0,0,0
2025-06-04,0,0,0,0,0,0,0,0
2025-06-05,0,0,0,0,0,0,0,0
2025-06-06,0,0,0,0,0,0,0,0
2025-06-07,0,0,0,0,0,0,0,0
2025-06-08,0,0,0,0,0,0,0,0
2025-06-09,0,0,0,0,0,0,0,0
2025-06-10,0,0,0,0,0,0,0,0
2025-06-11,0,0,0,0,0,0,0,0
2025-06-12,0,0,0,0,0,0,0,0
2025-06-13,0,0,0,0,0,0,0,0
2025-06-14,0,0,0,0,0,0,0,0
2025-06-15,0,0,0,0,0,0,0,0
2025-06-16,0,0,0,0,0,0,0,0
2025-06-17,0,0,0,0,0,0,0,0
2025-06-18,0,0,0,0,0,0,0,0
2025-06-19,0,0,0,0,0,0,0,0
2025-06-20,0,0,0,0,0,0,0,0
2025-06-21,0,0,0,0,0,0,0,0
2025-06-22,0,0,0,0,0,0,0,0
2025-06-23,0,0,0,0,0,0,0,0
2025-06-24,0,0,0,0,0,0,0,0
2025-06-25,0,0,0,0,0,0,0,0
2025-06-26,0,0,0,0,0,0,0,0
2025-06-27,0,0,0,0,0,0,0,0
2025-06-28,0,0,0,0,0,0,0,0
2025-06-29,0,0,0,0,0,0,0,0
2025-06-30,0,0,0,0,0,0,0,0
2025-07-01,0,0,0,0,0,0,0,0
2025-07-02,0,0,0,0,0,0,0,0
2025-07-03,0,0,0,0,0,0,0,0
2025-07-04,0,0,0,0,0,0,0,0
2025-07-05,0,0,0,0,0,0,0,0
2025-07-06,0,0,0,0,0,0,0,0
2025-07-07,0,0,0,0,0,0,0,0
2025-07-08,0,0,0,0,0,0,0,0
2025-07-09,0,0,0,0,0,0,0,0
2025-07-10,0,0,0,0,0,0,0,0
2025-07-11,0,0,0,0,0,0,0,0
2025-07-12,0,0,0,0,0,0,0,0
2025-07-13,0,0,0,0,0,0,0,0
2025-07-14,0,0,0,0,0,0,0,0
2025-07-15,0,0,0,0,0,0,0,0
2025-07-16,0,0,0,0,0,0,0,0
2025-07-17,0,0,0,0,0,0,0,0
2025-07-18,0,0,0,0,0,0,0,0
2025-07-19,0,0,0,0,0,0,0,0
2025-07-20,0,0,0,0,0,0,0,0
2025-07-21,0,0,0,0,0,0,0,0
2025-07-22,0,0,0,0,0,0,0,0
2025-07-23,0,0,0,0,0,0,0,0
2025-07-24,0,0,0,0,0,0,0,0
2025-07-25,0,0,0,0,0,0,0,0
2025-07-26,0,0,0,0,0,0,0,0
2025-07-27,0,0,0,0,0,0,0,0
2025-07-28,0,0,0,0,0,0,0,0
2025-07-29,0,0,0,0,0,0,0,0
2025-07-30,0,0,0,0,0,0,0,0
2025-07-31,0,0,0,0,0,0,0,0
2025-08-01,0,0,0,0,0,0,0,0
2025-08-02,0,0,0,0,0,0,0,0
2025-08-03,0,0,0,0,0,0,0,0
2025-08-04,0,0,0,0,0,0,0,0
2025-08-05,0,0,0,0,0,0,0,0
2025-08-06,0,0,0,0,0,0,0,0
2025-08-07,0,0,0,0,0,0,0,0
2025-08-08,0,0,0,0,0,0,0,0
2025-08-09,0,0,0,0,0,0,0,0
2025-08-10,0,0,0,0,0,0,0,0
2025-08-11,0,0,0,0,0,0,0,0
2025-08-12,0,0,0,0,0,0,0,0
2025-08-13,0,0,0,0,0,0,0,0
2025-08-14,0,0,0,0,0,0,0,0
2025-08-15,0,0,0,0,0,0,0,0
2025-08-16,0,0,0,0,0,0,0,0
2025-08-17,0,0,0,0,0,0,0,0
2025-08-18,0,0,0,0,0,0,0,0
2025-08-19,0,0,0,0,0,0,0,0
2025-08-20,0,0,0,0,0,0,0,0
2025-08-21,0,0,0,0,0,0,0,0
2025-08-22,0,0,0,0,0,0,0,0
2025-08-23,0,0,0,0,0,0,0,0
2025-08-24,0,0,0,0,0,0,0,0
2025-08-25,0,0,0,0,0,0,0,0
2025-08-26,0,0,0,0,0,0,0,0
2025-08-27,0,0,0,0,0,0,0,0
2025-08-28,0,0,0,0,0,0,0,0
2025-08-29,0,0,0,0,0,0,0,0
2025-08-30,0,0,0,0,0,0,0,0
2025-08-31,0,0,0,0,0,0,0,0
2025-09-01,0,0,0,0,0,0,0,0
2025-09-02,0,0,0,0,0,0,0,0
2025-09-03,0,0,0,0,0,0,0,0
2025-09-04,0,0,0,0,0,0,0,0
2025-09-05,0,0,0,0,0,0,0,0
2025-09-06,0,0,0,0,0,0,0,0
2025-09-07,0,0,0,0,0,0,0,0
2025-09-08,0,0,0,0,0,0,0,0
2025-09-09,0,0,0,0,0,0,0,0
2025-09-10,0,0,0,0,0,0,0,0
2025-09-11,0,0,0,0,0,0,0,0
2025-09-12,0,0,0,0,0,0,0,0
2025-09-13,0,0,0,0,0,0,0,0
2025-09-14,0,0,0,0,0,0,0,0
2025-09-15,0,0,0,0,0,0,0,0
2025-09-16,0,0,0,0,0,0,0,0
2025-09-17,0,0,0,0,0,0,0,0
2025-09-18,0,0,0,0,0,0,0,0
2025-09-19,0,0,0,0,0,0,0,0
2025-09-20,0,0,0,0,0,0,0,0
2025-09-21,0,0,0,0,0,0,0,0
2025-09-22,0,0,0,0,0,0,0,0
2025-09-23,0,0,0,0,0,0,0,0
2025-09-24,0,0,0,0,0,0,0,0
2025-09-25,0,0,0,0,0,0,0,0
2025-09-26,0,0,0,0,0,0,0,0
2025-09-27,0,0,0,0,0,0,0,45
2025-09-28,0,0,0,0,0,0,0,58
2025-09-29,0,0,0,0,0,0,0,58
2025-09-30,0,0,0,0,0,0,0,58
2025-10-01,0,0,0,0,0,0,0,58
2025-10-02,0,0,0,0,0,0,0,58
2025-10-03,0,0,0,0,0,0,0,58
2025-10-04,0,0,0,0,0,0,0,58
2025-10-05,0,0,0,0,0,0,0,58
2025-10-06,0,0,0,0,0,0,0,58
2025-10-07,0,0,0,0,0,0,0,59
2025-10-08,0,0,0,0,0,0,0,59
2025-10-09,0,0,0,0,0,0,0,59
2025-10-10,0,0,0,0,0,0,0,2
2025-10-11,0,0,0,0,0,0,0,2
2025-10-12,0,0,0,0,0,0,0,2
2025-10-13,0,0,0,0,0,0,0,3
2025-10-14,0,0,0,0,0,0,0,3
2025-10-15,0,0,0,0,0,0,0,87
2025-10-16,0,0,0,0,0,0,0,87
2025-10-17,0,0,0,0,0,0,0,87
2025-10-18,0,0,0,0,0,0,0,87
2025-10-19,0,0,0,0,0,0,0,87
2025-10-20,0,0,0,0,0,0,0,87
2025-10-21,0,0,0,0,0,0,0,87
2025-10-22,0,0,0,0,0,0,0,87
2025-10-23,0,0,0,0,0,0,0,87
2025-10-24,0,0,0,0,0,0,0,87
2025-10-25,0,0,0,0,0,0,0,87
2025-10-26,0,0,0,0,0,0,0,87
2025-10-27,0,0,0,0,0,0,0,87
2025-10-28,0,0,0,0,0,0,0,87
2025-10-29,0,0,0,0,0,0,0,87
2025-10-30,0,0,0,0,0,0,0,87
2025-10-31,0,0,0,0,0,0,0,4
2025-11-01,0,0,0,0,0,0,0,4
2025-11-02,0,0,0,0,0,0,0,4
2025-11-03,0,0,0,0,0,0,0,4
2025-11-04,0,0,0,0,0,0,0,4
2025-11-05,0,0,0,0,0,0,0,5
2025-11-06,0,0,0,0,0,0,0,5
2025-11-07,0,0,0,0,0,0,0,5
2025-11-08,0,0,0,0,0,0,0,5
2025-11-09,0,0,0,0,0,0,0,5
2025-11-10,0,0,0,0,0,0,0,6
2025-11-11,0,0,0,0,0,0,0,6
2025-11-12,0,0,0,0,0,0,0,6
2025-11-13,0,0,0,0,0,0,0,7
2025-11-14,0,0,0,0,0,0,0,8
2025-11-15,0,0,0,0,0,0,0,9
2025-11-16,0,0,0,0,0,0,0,9
2025-11-17,0,0,0,0,0,0,0,10
2025-11-18,0,0,0,0,0,0,0,11
2025-11-19,0,0,0,0,0,0,0,11
2025-11-20,0,0,0,0,0,0,0,11
2025-11-21,0,0,0,0,0,0,0,12
2025-11-22,0,0,0,0,0,0,0,12
2025-11-23,0,0,0,0,0,0,0,13
2025-11-24,0,0,0,0,0,0,0,13
2025-11-25,0,0,0,0,0,0,0,14
2025-11-26,0,0,0,0,0,0,0,14
2025-11-27,0,0,0,0,0,0,0,14
2025-11-28,0,0,0,0,0,0,0,14
2025-11-29,0,0,0,0,0,0,0,14
2025-11-30,2025,2025,419,1,2354,23,38,15
2025-12-01,1859,3702,804,4,2265,34,32,15
2025-12-02,1524,4939,1120,6,1840,29,30,15
2025-12-03,1666,6201,1404,12,2027,28,27,16
2025-12-04,1814,7578,1680,16,2192,21,38,16
2025-12-05,1755,8828,1955,18,2096,21,23,16
2025-12-06,1708,10082,2176,21,2012,29,33,17
2025-12-07,2137,11615,2405,25,2496,25,32,18
2025-12-08,2212,13109,2623,33,2619,19,44,18
2025-12-09,2062,14439,2852,43,2535,41,40,19
2025-12-10,2153,15813,3060,53,2649,25,25,19
2025-12-11,1795,16844,3253,67,2259,32,29,20
2025-12-12,1913,17996,3452,74,2326,25,27,20
2025-12-13,2073,19258,3670,83,2529,43,46,21
2025-12-14,1990,20439,3832,93,2311,26,32,21
2025-12-15,2159,21673,4008,102,2605,32,48,21
2025-12-16,2204,22931,4223,111,2643,26,32,21
2025-12-17,1763,23881,4376,117,2113,49,22,21
2025-12-18,2252,25052,4571,130,2760,37,29,23
2025-12-19,1852,26003,4727,143,2246,28,24,26
2025-12-20,1713,26851,4878,155,2064,42,17,28
2025-12-21,2700,28441,5066,163,3215,33,23,28
2025-12-22,2755,30036,5283,177,3219,40,33,30
2025-12-23,1515,30735,5449,192,1924,25,24,33
2025-12-24,1355,31383,5591,200,1719,28,16,33
2025-12-25,1472,32142,5707,206,1812,25,19,34
2025-12-26,1422,32820,5836,215,1727,24,21,38
2025-12-27,1546,33565,5961,226,1921,23,28,38
2025-12-28,2239,33740,5998,229,2661,37,37,39
2025-12-29,1993,33753,6005,229,2456,37,33,40
2025-12-30,1533,33771,6026,227,1920,20,18,43
2025-12-31,1498,33665,6000,224,1831,15,22,43
2026-01-01,1566,33592,5961,228,1861,33,25,44
2026-01-02,1961,33770,5979,236,2446,19,31,45
2026-01-03,1450,33601,5973,236,1992,42,23,45
2026-01-04,1503,33137,5948,246,2181,39,34,46
2026-01-05,1897,32875,5917,253,2466,30,30,47
2026-01-06,1817,32701,5869,252,2252,29,34,47
2026-01-07,1689,32373,5855,257,2135,20,26,47
2026-01-08,1941,32407,5849,255,2424,29,32,47
2026-01-09,2040,32381,5877,259,2578,22,23,49
2026-01-10,1597,32008,5837,254,2012,22,27,49
2026-01-11,1426,31621,5836,254,1812,24,22,49
2026-01-12,2655,31992,5848,258,3185,42,61,51
2026-01-13,2174,31881,5858,256,2671,20,25,52
2026-01-14,2237,32171,5886,249,2697,25,49,52
2026-01-15,2245,32297,5886,254,2776,37,37,54
2026-01-16,2585,32823,5942,251,3112,38,46,54
2026-01-17,2282,33180,5978,257,2791,26,26,55
2026-01-18,1966,32758,5949,246,2399,28,28,56
2026-01-19,2438,32536,5921,250,3002,32,47,58
2026-01-20,2551,33222,5960,247,3093,34,41,61
2026-01-21,2166,33670,5995,245,2722,31,34,62
2026-01-22,2385,34011,6044,255,3061,37,46,62
2026-01-23,2348,34453,6087,266,2966,41,45,66
2026-01-24,1933,34593,6121,265,2437,29,34,70
2026-01-25,1983,34311,6107,267,2633,41,35,71
2026-01-26,1850,34088,6086,273,2315,23,33,77
2026-01-27,2059,34343,6104,284,2557,21,21,79
2026-01-28,1971,34563,6120,291,2465,33,26,81
2026-01-29,1828,34512,6150,294,2465,40,22,81
2026-01-30,1653,34192,6124,295,2142,31,20,82
2026-01-31,1471,34099,6115,296,1981,25,18,82
2026-02-01,1408,34019,6101,304,1830,23,19,82
2026-02-02,1776,33817,6079,301,2339,31,25,82
2026-02-03,2359,34039,6090,296,3010,36,32,82
2026-02-04,2310,34370,6104,295,2990,35,37,84
2026-02-05,1674,34159,6102,299,2178,31,23,84
2026-02-06,2135,34172,6085,296,2627,19,28,85
2026-02-07,2093,34561,6106,298,2541,31,23,85
2026-02-08,1583,34668,6089,295,1892,29,22,86
2026-02-09,1592,34097,6067,289,2037,27,22,86
2026-02-10,1814,33929,6067,285,2320,27,24,87
2026-02-11,2295,34028,6057,284,2927,23,40,91
2026-02-12,2526,34181,6072,283,3205,53,31,93
2026-02-13,1914,33760,6056,277,2603,29,34,94
2026-02-14,1461,33214,6044,278,2167,15,25,94
2026-02-15,1947,33161,6038,281,2694,34,33,95
2026-02-16,2712,33494,6036,276,3383,30,37,95
2026-02-17,1865,33056,6024,272,2605,37,38,97
2026-02-18,2167,33055,6005,272,2949,32,36,97
2026-02-19,2331,33126,5968,271,2935,32,33,97
2026-02-20,1936,32824,5960,269,2478,37,30,99
2026-02-21,1404,32421,5936,267,1798,45,22,100
2026-02-22,1705,32337,5941,258,2135,27,29,103
2026-02-23,1889,32432,5956,267,2415,26,26,103
2026-02-24,1611,32012,5951,269,2123,35,20,103
2026-02-25,1616,31635,5920,263,2126,23,25,103
2026-02-26,1867,31523,5878,274,2560,50,26,105
2026-02-27,1925,31615,5898,274,2616,33,38,106
2026-02-28,2136,31989,5942,271,2893,26,26,106
2026-03-01,2234,32414,6008,271,3012,30,36,108
2026-03-02,2989,33177,6112,271,3968,58,50,113
2026-03-03,2366,33195,6188,276,3238,40,39,113
2026-03-04,2251,33160,6241,273,3238,21,31,114
2026-03-05,1982,33259,6322,275,2725,44,38,117
2026-03-06,1862,33020,6362,275,2468,16,25,122
2026-03-07,2146,32957,6381,279,2964,42,36,124
2026-03-08,2248,33318,6442,285,3275,23,33,124
2026-03-09,1851,33448,6514,279,2471,22,32,124
2026-03-10,1895,33396,6535,286,2592,34,30,125
2026-03-11,2964,33828,6588,286,3945,38,59,125
2026-03-12,3209,34053,6622,282,4385,53,47,125
2026-03-13,2751,34386,6679,281,3684,30,39,125
2026-03-14,1921,34619,6709,280,2660,20,38,126
2026-03-15,2008,34613,6745,287,2644,32,36,126
2026-03-16,2403,34301,6770,284,3265,38,38,130
2026-03-17,2384,34518,6795,293,3311,45,31,131
2026-03-18,2387,34564,6828,296,3237,33,42,134
2026-03-19,2673,34638,6883,294,3548,87,45,136
2026-03-20,1929,34525,6909,302,2548,33,35,136
2026-03-21,2459,35182,6979,306,3377,46,37,137
2026-03-22,2236,35421,6990,317,3021,51,42,137
2026-03-23,2360,35602,7029,323,3396,35,50,140
2026-03-24,2493,36168,7092,321,3459,45,51,141
2026-03-25,2517,36710,7164,331,3586,58,38,142
2026-03-26,2603,37156,7227,344,3772,42,59,146
2026-03-27,2939,37721,7291,345,3934,46,68,151
2026-03-28,2819,38159,7296,352,3911,41,43,153
2026-03-29,3024,38757,7293,361,3960,43,61,153
2026-03-30,3428,38996,7327,355,4690,43,73,154
2026-03-31,2301,38904,7272,356,3348,45,29,154
2026-04-01,3201,39354,7276,360,4263,61,62,154
2026-04-02,3653,40313,7330,377,4907,46,63,155
2026-04-03,3042,40783,7316,379,4085,31,53,156
2026-04-04,2644,40844,7299,387,3565,46,47,160
2026-04-05,1862,40544,7253,392,2440,44,29,162
2026-04-06,2063,40605,7260,392,2696,20,39,163
2026-04-07,2507,40912,7300,386,3315,44,43,163
2026-04-08,2670,40625,7269,393,3604,52,49,165
2026-04-09,2381,40072,7242,393,3217,32,45,166
2026-04-10,2277,39659,7206,390,3170,36,30,167
2026-04-11,2387,39814,7211,399,3229,34,50,168
2026-04-12,1886,39674,7177,393,2520,32,25,169
2026-04-13,2622,39738,7153,389,3446,38,45,171
2026-04-14,2478,39723,7121,393,3475,50,41,173
2026-04-15,2748,39916,7139,402,3821,67,45,173
2026-04-16,2775,39887,7100,405,3741,54,59,175
2026-04-17,2684,40326,7125,412,3612,54,40,176
2026-04-18,3369,40924,7159,415,4490,92,71,176
2026-04-19,2969,41509,7226,420,3923,55,81,182
2026-04-20,2744,41800,7254,413,3607,66,67,183
2026-04-21,2711,41922,7296,415,3600,49,50,183
2026-04-22,3310,42461,7328,422,4316,56,61,185
2026-04-23,3803,43292,7354,428,5146,58,80,186
2026-04-24,3955,44211,7392,419,5210,59,82,188
2026-04-25,3592,44770,7395,428,4709,51,49,191
2026-04-26,3057,44944,7444,414,3954,25,56,193
2026-04-27,4570,46279,7463,414,5812,60,107,193
2026-04-28,3638,47202,7548,413,4857,41,59,193
2026-04-29,3856,47752,7637,418,5048,62,64,193
2026-04-30,3871,47933,7638,420,5023,47,51,193
2026-05-01,2995,47950,7645,434,3947,37,63,195
2026-05-02,3120,48340,7637,439,4095,57,42,195
2026-05-03,3615,49437,7664,443,4607,53,51,195
2026-05-04,3731,50599,7726,448,5072,53,75,195
2026-05-05,3367,51118,7730,440,4441,44,65,197
2026-05-06,2904,51275,7757,450,3890,47,48,198
2026-05-07,2883,51565,7777,457,3870,55,43,199
2026-05-08,3184,52049,7823,465,4097,45,44,201
2026-05-09,2941,52357,7897,468,3786,49,43,204
2026-05-10,2264,52528,7927,468,2938,25,32,207
2026-05-11,2523,52538,7964,475,3263,37,33,208
2026-05-12,2814,52848,7975,486,3570,37,35,209
2026-05-13,2746,52803,7958,490,3547,42,45,209
2026-05-14,2761,52764,7996,487,3588,31,39,209
2026-05-15,2620,52671,7980,476,3336,28,36,210
2026-05-16,2416,52113,7939,485,3179,29,40,210
2026-05-17,2220,51531,7910,484,2986,19,27,211
2026-05-18,2534,51381,7873,486,3389,49,30,211
2026-05-19,2932,51495,7867,486,3913,33,48,210
2026-05-20,2725,51073,7847,481,3649,42,42,210
2026-05-21,3215,50771,7816,479,4099,44,58,211
2026-05-22,3231,50242,7772,478,4244,48,54,211
2026-05-23,2256,49208,7725,487,2877,37,27,211
2026-05-24,2141,48555,7654,501,2742,39,37,214
2026-05-25,2341,47172,7582,500,3085,28,39,214
2026-05-26,2534,46490,7520,489,3363,37,29,215
2026-05-27,2637,45810,7395,478,3428,48,38,215
2026-05-28,2734,45066,7311,473,3518,22,35,217
2026-05-29,3068,45152,7269,457,3864,40,36,218
2026-05-30,2829,44966,7248,449,3530,49,47,220
2026-05-31,2760,44290,7192,451,3360,38,38,224
2026-06-01,2804,43780,7131,434,3473,30,31,225
2026-06-02,2723,43406,7038,437,3543,31,43,225
2026-06-03,2307,42970,6959,437,3098,30,33,230
2026-06-04,1991,42393,6872,425,2563,30,34,230
2026-06-05,2299,41870,6757,425,2933,38,35,233
2026-06-06,2286,41522,6676,412,2835,24,23,236
2026-06-07,2368,41635,6617,406,2976,42,25,237
2026-06-08,2860,41823,6562,398,3709,43,35,239
2026-06-09,2809,41931,6493,393,3536,45,48,239
2026-06-10,3414,42452,6417,388,4298,41,60,239
2026-06-11,3051,42804,6335,393,3812,35,41,240
2026-06-12,3121,43187,6298,386,3913,29,55,243
2026-06-13,3277,43777,6264,388,4167,44,55,243
2026-06-14,2693,44156,6216,385,3336,30,37,245
2026-06-15,3058,44566,6182,383,3813,39,33,246
2026-06-16,3259,44949,6144,376,3993,45,45,247
2026-06-17,3621,45679,6072,369,4380,58,63,249
2026-06-18,3012,45630,6065,368,3697,51,49,249
2026-06-19,4433,46696,6141,358,5620,65,101,251
2026-06-20,4344,48103,6202,360,5629,88,90,251
2026-06-21,4278,49470,6284,368,5503,76,85,254
2026-06-22,5279,51449,6378,382,6737,76,95,255
2026-06-23,4282,52740,6470,389,5325,51,84,257
2026-06-24,3854,53611,6540,386,4849,56,66,257
2026-06-25,4491,54914,6554,385,5601,66,69,258
2026-06-26,4214,55821,6620,390,5456,60,59,260
2026-06-27,3575,56390,6650,396,4355,44,54,263
2026-06-28,3025,56680,6677,385,3719,43,46,263
2026-06-29,3524,57169,6678,392,4306,30,41,263
2026-06-30,4165,58226,6748,392,5099,49,57,265
2026-07-01,3797,59352,6824,389,4631,46,35,267
2026-07-02,4171,60815,6870,385,5172,132,45,267
2026-07-03,4710,62661,6908,391,5681,32,59,268
2026-07-04,3713,63644,6918,390,4696,28,44,270
2026-07-05,3268,64337,6939,385,3864,54,38,271
2026-07-06,3610,64929,6948,391,4309,34,36,273
2026-07-07,3847,65701,6967,401,4744,43,48,273
2026-07-08,4077,66223,7005,402,5040,62,54,273
2026-07-09,4185,66952,7049,403,5114,46,56,275
2026-07-10,4257,67810,7094,413,5098,66,53,276
2026-07-11,3687,68031,7129,410,4619,35,29,276
2026-07-12,3003,68245,7158,406,3681,33,32,277
2026-07-13,3123,68351,7165,407,3734,30,31,279
2026-07-14,3840,68700,7191,411,4884,60,48,279
2026-07-15,4014,68850,7240,413,4842,49,53,280
2026-07-16,4492,69764,7244,409,5515,64,68,281
2026-07-17,4188,69579,7195,404,5299,38,43,281
2026-07-18,3569,69079,7180,397,4415,31,27,283
2026-07-19,2888,68124,7111,400,3487,40,40,286
2026-07-20,4338,67425,7103,406,5348,51,47,286
2026-07-21,3946,67046,7106,396,4937,39,52,289
2026-07-22,3528,66782,7108,391,4204,27,44,289
2026-07-23,3455,65971,7087,385,4279,34,47,291
2026-07-24,3421,65402,7058,379,4174,42,41,293
2026-07-25,3483,65213,7056,379,4279,27,39,293
2026-07-26,3009,65142,7032,379,3555,19,23,293
2026-07-27,4240,65643,7058,378,5202,44,62,294
2026-07-28,4438,65660,7076,377,5422,46,71,296
2026-07-29,4277,65947,7071,366,5195,46,54,296
2026-07-30,4642,66197,7129,364,5691,65,59,297
2026-07-31,4436,65985,7134,361,5347,42,60,299
2026-08-01,3962,66057,7204,365,4741,46,58,299
2026-08-02,3456,66100,7207,366,4217,46,42,300
2026-08-03,3858,66205,7236,364,4701,28,43,301
2026-08-04,4005,66326,7255,376,4906,45,49,301
2026-08-05,3481,65967,7287,384,4291,54,59,305
2026-08-06,3046,65130,7289,383,3796,38,49,305
2026-08-07,3774,64805,7309,379,4659,35,45,306
2026-08-08,4028,65297,7328,376,4924,31,56,306
2026-08-09,2992,65294,7324,374,3647,42,37,307
2026-08-10,3206,65367,7355,372,3939,29,37,309
2026-08-11,3738,65471,7340,365,4621,39,42,311
2026-08-12,4660,66143,7365,367,5672,49,64,312
2026-08-13,4869,66590,7377,368,5786,54,52,312
2026-08-14,5740,67766,7453,374,7104,47,67,312
2026-08-15,5361,69139,7520,370,6469,69,52,314
2026-08-16,4738,70429,7538,372,5761,72,70,314
2026-08-17,5120,70987,7569,377,6354,46,76,316
2026-08-18,5462,72015,7584,381,6936,78,77,317
2026-08-19,4259,72412,7609,381,5344,36,67,320
2026-08-20,4344,72975,7663,379,5499,49,79,321
2026-08-21,4553,73587,7685,384,5792,44,75,321
2026-08-22,4001,73966,7716,387,5147,49,59,322
2026-08-23,3441,74116,7735,390,4508,33,51,321
2026-08-24,4556,74200,7748,394,5823,49,67,321
2026-08-25,4800,74311,7779,399,5963,46,56,321
2026-08-26,5065,74681,7786,406,6270,65,79,321
