month_from_lead_single,bear_monthly,base_monthly,bull_monthly,bear_cum,base_cum,bull_cum
1,1.23,4.34,10.64,1.23,4.34,10.64
2,1.92,7.27,17.7,3.15,11.61,28.34
3,18.87,42.92,75.15,22.02,54.53,103.5
4,29.66,66.42,121.16,51.68,120.95,224.66
5,38.02,84.72,159.2,89.7,205.67,383.86
6,40.29,89.12,163.24,129.99,294.79,547.1
7,42.85,93.46,168.98,172.84,388.25,716.07
8,41.85,91.15,162.2,214.69,479.4,878.27
9,41.53,89.78,159.39,256.22,569.18,1037.66
10,38.76,83.41,150.09,294.99,652.59,1187.76
11,32.26,69.68,129.57,327.25,722.27,1317.33
12,27.04,59.01,114.68,354.29,781.28,1432.0
13,22.57,50.54,100.05,376.86,831.82,1532.05
14,21.36,47.67,94.18,398.22,879.48,1626.24
15,19.55,43.58,86.09,417.77,923.06,1712.33
16,17.88,39.84,78.65,435.65,962.9,1790.98
17,16.36,36.41,71.82,452.01,999.31,1862.8
18,14.98,33.34,65.61,466.99,1032.65,1928.4
19,13.71,30.5,59.97,480.69,1063.15,1988.38
20,12.67,28.15,55.36,493.36,1091.31,2043.73
21,11.76,26.13,51.37,505.12,1117.44,2095.1
22,10.93,24.31,47.69,516.05,1141.75,2142.8
23,10.14,22.6,44.26,526.2,1164.35,2187.06
24,9.42,21.02,41.08,535.62,1185.37,2228.14
