date,track,platform,curator_or_playlist,credit_type,cost_usd,status,followers,response_date,feedback,followup_due,notes
2026-09-25,Halos,SubmitHub,BYAS - Yasin B (Melodic Hip Hop & RnB),premium x5,,approved,28687,2026-09-25,"Enjoying it, adding for sure",next release,"Also shared to Apple Music, YouTube Music, Deezer. 200-300 listeners on playlist. Repeat target. | artist.tools bot check 2026-10-01: Undetermined (no risk signals)"
2026-09-26,Halos,SubmitHub,thebestsounds,premium x4,,declined,,2026-09-26,Liked beat/synths; flow melodies repeated too often,,
2026-09-27,Halos,SubmitHub,EarVitamins,premium x2,,declined,,2026-09-27,"Smooth, atmospheric, dreamy; not the right fit",,
2026-09-28,Halos,PlaylistDock,Melodic Rap & Pop for Night Drives,free,0,approved,394,2026-09-30,,next release,"47.5% accept rate, avg reply 2 days. Replies to saifscl.01@gmail.com | Placement confirmed by PlaylistDock email to saifscl.01 (found 2026-10-01). Thank + share. | artist.tools bot check 2026-10-01: Likely Bot-free (no risk signals)"
2026-09-28,Halos,PlaylistDock,Urban Echo Hip hop | Rap | Trap | UK Hip-hop,free,0,pending,2900,,,,Replies to saifscl.01@gmail.com
2026-09-28,Halos,PlaylistDock,Love at First Mood,free,0,approved,67,2026-09-28,,next release,40.5% accept rate. Replies to saifscl.01@gmail.com | Placement confirmed by PlaylistDock email to saifscl.01 (found 2026-10-01). Thank + share. | artist.tools bot check 2026-10-01: Undetermined (no risk signals)
2026-09-28,Halos,musicto,musicto curator network (500+ playlists),free,0,pending,,,,,Mood-based form; refs Don Toliver/Travis/TheKidSZN
2026-09-28,Halos,Indiemono,Urban playlists (editorial pool),free,0,pending,,,,,No feedback unless accepted
2026-09-28,Halos,Kolibri Music,Kolibri network (Spotify/Deezer),free,0,pending,,,,,"Hip hop/rap/trap; moods Love/Confident/Passionate/Trippy; label-pitch opt-in YES, compilation NO"
2026-09-28,Halos,SubmitHub,Stlk (Rap Culture),premium x3,,declined,,2026-09-28,Vocals blend well with epic atmosphere; playlist favors gritty 90s boom-bap mood,,Not previously logged; found in SubmitHub Activity 2026-09-29
2026-09-29,Halos,PlaylistDock,Press Play,free,0,approved,221,2026-09-30,,next release,"10.6% accept rate, avg reply 1 day. Pitch named purple dream by 16RAHEEM. Replies to saifscl.01@gmail.com | Placement confirmed by PlaylistDock email to saifscl.01 (found 2026-10-01). Thank + share. | artist.tools bot check 2026-10-01: Likely Bot-free (no risk signals)"
2026-09-29,Halos,PlaylistDock,RNB Party Hits,free,0,approved,120,2026-09-30,,next release,"32.9% accept rate, avg reply 9h. Pitch named Nostalgia by Stoni3y. Replies to saifscl.01@gmail.com | Placement confirmed by PlaylistDock email to saifscl.01 (found 2026-10-01). Thank + share. | artist.tools bot check 2026-10-01: Undetermined (no risk signals)"
2026-09-29,Halos,PlaylistDock,Rap Frequency [Rap - Hip hop - Trap - Conscious rap],free,0,pending,1400,,,,"0% accept rate, avg reply 13h. Pitch named Feelings by Mayboi/Yeezy E. Replies to saifscl.01@gmail.com"
2026-09-30,Halos,SubmitHub,Jungle Mastermind,standard x1,0,declined,,2026-09-30,,,"Not previously logged; found in SubmitHub Activity 2026-09-30. Listened then declined, no feedback (standard credit)"
2026-09-30,Halos,SubmitHub,Picture Talk (SAD RAP/Rap triste),standard x1,0,pending,,,,,"Genre match 6/10, standard approval 3.2%, 150-200 listeners. Quick pitch named SAD RAP/Rap triste."
2026-09-28,Halos,Daily Playlists,Hip-Hop & Rap for night vibes,standard,0,pending,,,,,Not previously logged; found on Daily Playlists dashboard 2026-09-30
2026-09-28,Halos,Daily Playlists,rap music for people who don't,standard,0,declined,,,,,Not previously logged; found on Daily Playlists dashboard 2026-09-30
2026-09-28,Halos,Daily Playlists,Heavy Hearts Lost & Vibing,standard,0,declined,,2026-10-01,,,Not previously logged; found on Daily Playlists dashboard 2026-09-30
2026-09-28,Halos,Daily Playlists,Melodic Rap 2026,standard,0,pending,,,,,Not previously logged; found on Daily Playlists dashboard 2026-09-30
2026-09-28,Halos,Daily Playlists,New Rap Artists 2026,standard,0,pending,,,,,Not previously logged; found on Daily Playlists dashboard 2026-09-30
2026-09-30,Halos,Daily Playlists,Modern US Hip-Hop & Melodic Rap Vibes,standard,0,declined,695,2026-10-01,,,Free weekly standard credit (resets 2026-10-05)
2026-09-30,Halos,Daily Playlists,Melodies of Desire,standard,0,pending,792,,,,Free weekly standard credit (resets 2026-10-05)
2026-09-30,Halos,Daily Playlists,Lyrical Waves,standard,0,pending,664,,,,Free weekly standard credit (resets 2026-10-05)
2026-09-30,Halos,Daily Playlists,R&B + Rap Essentials 2026 | Melodic Vibes & Street Soul,standard,0,declined,1667,2026-10-01,,,Free weekly standard credit (resets 2026-10-05)
2026-09-30,Halos,Daily Playlists,New Trap & Rap Music,standard,0,approved,1041,2026-10-01,,next release,Free weekly standard credit (resets 2026-10-05) | Approved email 2026-10-01 07:17 UTC to prodbysaif@gmail.com. Curator Monnison. Thank + share; repeat target next release. | artist.tools bot check 2026-10-01: Likely Bot-free (no risk signals)
2026-09-30,Halos,Daily Playlists,Trap Rap (Production Beats),standard,0,pending,1973,,,,Free weekly standard credit (resets 2026-10-05)
2026-09-30,Halos,Daily Playlists,Generational Hits - Rap & Hip Hop Music,standard,0,declined,1375,2026-10-01,,,Free weekly standard credit (resets 2026-10-05)
2026-09-30,Halos,Daily Playlists,Off The Hook,standard,0,pending,1375,,,,Free weekly standard credit (resets 2026-10-05)
2026-09-30,Halos,Daily Playlists,TRAP GRINGO 2026,standard,0,declined,1972,2026-10-01,,,Free weekly standard credit (resets 2026-10-05)
2026-09-30,Halos,Daily Playlists,Pop Hop (Production Beats),standard,0,pending,2086,,,,Free weekly standard credit (resets 2026-10-05)
2026-09-30,Halos,SubmitHub,Syrex (YouTube channel),standard x1,0,declined,,2026-09-30,,,"Leftover-credit throw (genre match 1/10, electronic). Curator says refunds credit if not accepted. Better 2-credit options for next window: Besser-Samstag (5/10), Adityaa Bagus (soulful hiphop, 4/10, std 5.1%) | Listened then declined, no feedback (standard credit). Found in Activity 2026-10-01"
2026-10-01,Halos,SubmitHub,Herbiarz (Chill - Rap and Hip Hop / Best of R&B),standard x2,0,pending,,,,,"Genre match 10/10, premium approval 15%, standard 0.9%. Quick pitch named Chill - Rap and Hip Hop. Used both free credits of the window."
2026-10-01,Halos,PlaylistDock,Universe Sounds 🌍 All Genres • New Music,free,0,pending,111,,,,"46.9% accept rate, avg reply 14h. Pitch named playlist. Replies to saifscl.01@gmail.com"
2026-10-01,Halos,PlaylistDock,New Release 2026 - Future Hits,free,0,pending,114,,,,"43.2% accept rate, avg reply 2 days. Pitch named playlist. Replies to saifscl.01@gmail.com"
