sm,4 BRICKS DOWN (feat. Augxst & NST),4 BRICKS DOWN (feat. Augxst),BETTER DAYS,Beauty & the Beast,CALL YOUR PHONE,CARBON,CARBON (feat. NST),CHROME,Cool Kids,DUMB SHIT,Days Gone,FAKE LOVE,FIRIN',FLICKY,GO,Ghost Town,HULKS,HULKS (feat. NST),High Hopes,I DO WRONG,LIKE DBE,MISTAKES (feat. MJ 4hunna),MORE,MURDER,Money Trees (Intro),PEAK,PESTO,Perkin Often,TUSS,TUSS (feat. NST),TWO AFFAIRS,The Color Blue,Through the Night,To Kojayi (Remix),Trance,VENOM,WHATS THE MEANING,Wrong,i won't,mamb,medicines,mont blanc,stand tall,you would kill
2025-01,0.0,0.0,0.049568046917,0.0,0.0,0.0,0.0,0.21956491404399991,0.3338905768519999,0.041063577679,0.112714813198,0.0,0.040778618496,0.0,0.0,0.0,0.0,0.0,0.2843728754299999,0.0,0.0,0.0,0.0,0.036909132481,0.13816252619799999,0.0,0.063887160065,0.028009651311,0.0,0.0,0.931764114713,0.2587759411359999,0.0,0.0,0.0,0.0,0.0,0.0,0.0,0.014015791058,0.023836056843,1.4646640631919998,0.022966645310999997,0.0
2025-02,0.0,0.0,0.1385174944069999,0.0,0.0,0.0,0.0,1.9971344679029999,0.5972362279699998,0.11328658885099989,0.1605751744819999,0.0,0.07393038920799991,0.0,0.0,0.0,0.3944609948149999,0.0,0.4087595253509997,0.0,0.0,0.0,0.3048112577039999,0.026403593524,0.22077508793999998,0.0,0.1480309780019999,0.0666802867819998,0.0,0.0,20.136176555854,0.391249072363,0.0,0.0,0.0,0.0,0.5733336922849998,0.0,0.0,0.045593827643,0.021512099784,1.4672568877279994,0.013486823180999901,0.0
2025-03,0.0,0.0,0.0757005323389999,0.0,0.0,0.0,0.0,0.858209512291,0.9926407868099998,0.05220532546,0.18828201661399968,0.0,0.036354270539,0.0,0.0,0.0,0.5273970251629999,0.0,0.30695537604099976,0.0,0.0,0.0,1.3201148326610002,0.0472330580659999,0.1758482455749999,0.0,0.10710648112400001,0.0483250094789999,0.0,0.0,16.050996563686997,0.1136996455139998,0.0,0.0,0.0,0.0,0.6721943273929996,0.0,0.0,0.025893404154,0.046093537065999904,0.8965476631869997,0.030730507356999996,0.0
2025-04,0.0,0.0,0.0179050453979999,0.0,0.0,0.0,0.0,0.4161538072269999,0.3632643434909999,0.0079307566299999,0.1588966276309999,0.6180524738819998,0.01679608502,0.0,0.0,0.0,0.23261955199299988,0.0,0.211114027707,0.0,0.9908154873849996,0.0,0.26421266519899966,0.047311425562,0.091855599728,0.0,0.195924320421,0.0721075570359998,0.0,0.0,6.343452650215999,0.6162127973309999,0.0,0.0,0.0,0.05038825506,0.2917627220469999,0.0,0.0,0.0092039219659999,0.00791204005,0.5260443786629998,0.024619961057,0.0
2025-05,0.0,0.0,0.049707314825,0.0,0.0,0.0,0.0,0.7470434585899999,0.24580512246299988,0.048704361264000004,0.0552978060769999,0.277316818221,0.065308279779,0.0,0.0,0.0,0.2122656884099999,0.0,0.057982129973,0.0,2.5085935329049995,0.0,0.185341917401,0.038177584809,0.0872705991849999,0.0,0.185315944297,0.053090388925999904,0.0,0.0,9.720007030630999,0.174286196742,0.0,0.0,0.0,0.4972854916859999,0.160832642507,0.0,0.0,0.0608824220299998,0.0337593564509998,0.7368401800339998,0.0292268417399998,0.0
2025-06,0.0,0.0,0.126483847102,0.0,0.0,0.0,0.0,3.328188890689,0.49688294142299977,0.08072230475999981,0.2308932954859999,3.042958380213,0.05225033819,0.0,0.0,0.0,0.40788984732399963,0.0,0.21240825984999992,0.0,2.207423048035,0.0,0.934560592693,0.10192582824799991,0.156754052285,0.0,0.2738627890959998,0.0978682191879997,0.0,0.0,25.329422481593,0.8870603201839999,0.0,0.0,0.5875629754999999,0.5112442486769997,1.560884321188,0.0,2.046146334274,0.0528370873949998,0.083119551712,1.1410868551479996,0.0817761852659999,1.0942290057679998
2025-07,0.0,0.0,0.0,0.3104061231429998,0.0,0.0,0.0,5.039782357840999,1.4357454760239996,5.732545e-06,0.5001535270369998,7.172440519027,0.0,0.0,0.49218518256299987,0.9622903358199998,0.462618503447,0.000300891587,0.5574232009529998,0.0,4.408924789293999,0.0,1.1385888437449998,1.2109707575289999,0.28642779206899993,0.0,0.5361343620719998,0.658453407926,0.0,0.0,46.185285084315,0.6654290676669998,0.0,0.0,2.999053465431,1.143934558512,1.3011390788239998,0.0,3.9058944421349997,0.42173609818,0.0,1.9880293239669997,0.2658737281139999,3.057928435498
2025-08,0.0,0.0,0.0,2.3153151369529996,2.0053256671209994,1.238457787986,4.076812279318999,6.801331517084999,0.6976921745569999,0.0,0.177569630201,4.999425697351999,0.0,0.0,0.47471935994,0.3653862062039998,0.2212796206019998,0.0013618600169999,0.146431894433,0.0,5.815415670629999,0.9071673834009996,0.3112785270209998,0.1567067428489999,0.08179266325699991,0.0,0.29495429493499986,0.153286881566,0.2448943195979999,1.8093973816669993,50.923301660812996,0.2217786993779999,0.0,0.0,1.5631538658519997,0.2771400149829999,0.6971940296089997,0.0,1.2024649784699994,0.132720971257,0.0,2.1186808088039992,0.0909011085529999,0.5532730845499996
2025-09,48.792463007212994,0.0697891747099998,0.0,2.3082527221639997,17.338278428213,0.0225353151499998,11.156915576642,5.768082509424999,0.565005339727,0.0,0.119192363926,2.280948838849999,0.0,0.0,0.2956231202099999,0.2710025565039999,0.0,0.154375234054,0.0908479590569998,0.0,2.0008510686539993,8.024952827618998,0.1885722408239999,0.0269884566649999,0.062275366605,0.0,0.1456572866139999,0.05070531942,0.0,14.334602569326998,35.769072210161,0.2052886383069997,0.0,0.0,0.4899301291699997,0.1492676776769997,0.3643000833459998,0.0,0.5504844603409997,0.033007735047,0.0,1.3168670890469998,0.0,0.48910829105999987
2025-10,25.671167033756998,94.710681376348,0.0,3.7574722749369993,6.961287737646,6.912494068108999,2.9308717386709997,23.051673311995998,0.5373922784829999,0.0,0.127876500355,1.9315787741779995,0.0,0.0,0.9706766837,0.265103928408,0.0,0.2898986878979997,0.333857198519,10.869712199989,4.912808300881001,3.202346630806999,1.31680364088,0.1927816397,0.0335683101329999,0.0,0.2909753530659999,0.0680763223219999,0.0,5.513602973348999,59.803744856691,0.317500764818,0.0,0.0,1.3540848445749998,0.2465603783799998,0.3368224095489997,0.0,1.1046045024689999,0.055310418723,0.0,1.3642072142389992,0.043127913456000005,0.6281518312789999
2025-11,11.695641176087998,180.88566270645,0.0,12.983939526433,3.940675848957,9.075015849379,0.0,70.723096481192,0.45997175773399984,0.0,0.02208544329,2.1456100210409996,0.0,1.0556424841939998,0.123407758115,0.3585991411789997,0.0,0.29567911402799973,0.36474151912899994,28.503778334039,4.633048135086,1.1896986592259995,0.8844155019179997,0.1134741487809999,0.009948328551,0.0,0.238187319807,0.108447608266,0.0,3.5355677762399993,55.854848991759,0.2065767914029999,0.0,0.0,0.6034842645769993,0.2190659330549998,0.3832904831399999,10.362361665560998,0.5060337257919998,0.005628890335,0.0,1.370558441067,0.026214488483000002,0.6917776052709997
2025-12,11.462312052710999,169.444050179373,0.0,15.36286730805,3.258324122873999,13.465412977599,0.0,79.430337244498,0.5635854504029996,0.0,0.1083026398179999,5.3370198824070005,0.0,2.3444405486049993,0.0940236444599999,0.3783998003169999,0.0,0.5252799306859994,0.5664746005659999,39.135364524836,8.06922560132,1.7324011063090001,1.1342661890199996,0.1067110442939998,0.019478436059,0.32203932166,0.1278996441289999,0.0733682083109999,0.0,3.717581804289999,64.930275656623,0.2719957909579997,0.0,0.0,1.3034034157909997,0.20704170156199989,0.36604131928899997,9.076984327104999,0.784098851398,0.08597604440199991,0.0,1.5632473963440001,0.092379246257,0.5337165179039997
2026-01,11.855664768688,166.673419748742,0.0,20.910239516514,6.545031488558,30.961783580225,0.0,54.570820177169,0.6363876433399995,0.0,0.3223473971549999,6.807852204831001,0.0,2.596443188163999,0.222726995934,0.350744117623,0.0,0.8864504891769995,0.15369368672,67.16433655272701,10.229895841092,2.3681373387399995,2.0139190867409997,0.083341829072,0.011891206566,0.5667883856779995,0.1366864822179997,0.0681991051239999,0.0,7.907148703311999,61.659646260592,0.41763367640699967,0.0,0.0,1.9682533694549993,0.110580776194,0.5089732548479999,11.621654932549998,1.1393397902759996,0.043188583100000004,0.0,5.526779275676,0.0219165434089999,0.4023436529789999
2026-02,6.800064811751999,135.900191827333,0.0,18.175778085205998,3.9309082514309996,47.105802962283995,0.0,51.815463456563,0.8316640320869993,0.0,0.1668299370059999,6.856833024778,0.0,2.0686090798429992,0.1704107708339998,0.2671632118569998,0.0,0.5812457160659994,0.249838990201,42.458383233491,14.561618034802999,1.9413073597859998,5.683868228355999,1.2832499952469998,0.0561747601189999,0.1731990773409999,0.16147282306099991,0.1185813393789998,0.0,5.883222549189,52.972904506527996,0.1720797803629997,0.0,0.0,1.8761214816389997,2.4289936328639996,0.2803488028689999,23.119805296725996,1.3461645929659996,0.08217246760099989,0.0,5.343939778164,0.0603362340829998,0.3313723681429997
2026-03,6.706449950113998,146.728534589814,0.0,25.387344777171,4.604625211298999,126.26003321845599,0.0,53.683235442877006,1.2650635688819991,0.0,0.5839569213419998,5.251942879891999,0.0,4.804844319261999,0.11854668861599969,0.2765537098809998,0.0,0.5733386807989992,0.6672203523319997,40.054726001502,15.556693714208999,1.9872078301229996,3.4100190370839996,0.1226119505689997,0.0850330646349999,0.0,0.2279649689269994,0.1259063243179997,0.0,9.310654950439,53.02272151207,0.2867481923979997,0.0,3.936206536262998,1.8410591189679995,0.5131329889639993,0.8501533166809998,35.604119786723,1.957351481792,0.1597925083619997,0.0,9.196501720884,0.10114892714099989,1.0014512716809998
2026-04,6.323593385729999,121.09566124741099,0.0,23.857563888778,3.7736740095239996,184.317751504683,0.0,74.07495415496301,0.7797088875179996,0.0,0.267429224914,3.6836842449589997,0.0,7.341094867883999,0.1662083752409998,0.5519059874509997,0.0,0.5942367485449995,0.88584743512,37.482940516839,11.840408345009,3.1639926908379996,3.12254704917,0.1151678302329998,0.0285550399949999,0.032718823522,0.1876475147819998,0.07423686536499981,0.0,6.583509169176,45.211621597595,0.365125573246,0.0,2.447631955170999,1.3023909802159992,0.3155114317899999,0.2740955165789999,27.838995218557997,1.2480854257629994,0.1669719655499997,0.0,7.534054244838,0.10378520330999999,1.2569937829749998
