,bear,base,bull
2026-05,285.5180101308256,297.75035212548914,305.87453699423656
2026-06,259.40067350494223,284.0457624713053,301.9406644538338
2026-07,231.24621392576674,266.7791126057485,294.57154834442355
2026-08,203.9334479614696,248.29845850111485,285.37471442686854
2026-09,178.76080202956854,229.91154883896496,275.35508448366465
2026-10,156.16868765795522,212.27418995946994,265.08647479876095
2026-11,136.17790178287927,195.67688323554367,254.8792822246787
2026-12,118.62409470786402,180.21800204371854,244.8940965569663
2027-01,103.27452772728758,165.89954901479646,235.20942555786974
2027-02,89.88311362025654,152.6777229875297,225.85976968939664
2027-03,78.2147172277497,140.4888889642732,216.8564023084053
2027-04,68.05465751178164,129.26262596777826,208.1985319896403
2027-05,59.21131050301293,118.9281181278523,199.8792439714022
2027-06,51.515638710979395,109.417159112763,191.8886435913749
2027-07,44.81946633447135,100.66545142824535,184.2155106124176
2027-08,38.99334754499794,92.61305784997272,176.8481641662122
2027-09,33.924409429392384,85.20443955171574,169.7749102712911
2027-10,29.514330499993775,78.38830011224506,162.98426903436103
2027-11,25.677512656017736,72.11734526045262,156.46508580576088
2027-12,22.3394576011937,66.34801287329391,150.20658139110927
2028-01,19.435338444085616,61.04019979171039,144.19837041682612
2028-02,16.908749389763898,56.15699795021414,138.4304632047349
2028-03,14.71061433451688,51.664445269971374,132.89325925177144
2028-04,12.798235602884484,47.53129326919635,127.57753657742182
