,4 BRICKS DOWN,CARBON,HULKS,PEAK,TUSS
2025-07,0.0,0.0,0.462919395034,0.0,0.0
2025-08,0.0,5.315270067305,0.2226414806189997,0.0,2.054291701264999
2025-09,48.862252181923,11.179450891792,0.154375234054,0.0,14.334602569326998
2025-10,120.381848410105,9.84336580678,0.2898986878979997,0.0,5.513602973348999
2025-11,192.581303882538,9.075015849379,0.29567911402799973,0.0,3.5355677762399993
2025-12,180.90636223208398,13.465412977599,0.5252799306859994,0.32203932166,3.717581804289999
2026-01,178.52908451743,30.961783580225,0.8864504891769995,0.5667883856779995,7.907148703311999
2026-02,142.700256639085,47.105802962283995,0.5812457160659994,0.1731990773409999,5.883222549189
2026-03,153.434984539928,126.26003321845599,0.5733386807989992,0.0,9.310654950439
2026-04,127.419254633141,184.317751504683,0.5942367485449995,0.032718823522,6.583509169176
