month,actual_usd,proj_bear,proj_base,proj_bull,proj_base_plus_releases_100,proj_base_plus_releases_60
2025-01,4.06,,,,,
2025-02,27.3,,,,,
2025-03,22.57,,,,,
2025-04,11.57,,,,,
2025-05,16.23,,,,,
2025-06,45.13,,,,,
2025-07,87.11,,,,,
2025-08,91.08,,,,,
2025-09,153.44,,,,,
2025-10,260.11,,,,,
2025-11,403.58,,,,,
2025-12,435.99,,,,,
2026-01,477.46,,,,,
2026-02,435.26,,,,,
2026-03,556.26,,,,,
2026-04,578.41,,,,,
2026-05,,531.72,553.03,566.88,557.03,555.43
2026-06,,482.94,526.58,557.8,538.58,533.78
2026-07,,430.44,494.01,543.17,511.01,504.21
2026-08,,379.55,459.49,525.66,563.49,521.89
2026-09,,332.67,425.31,506.9,590.31,524.31
2026-10,,290.62,392.61,487.83,658.61,552.21
2026-11,,253.41,361.87,468.96,634.87,525.67
2026-12,,220.74,333.26,450.55,667.26,533.66
2027-01,,192.18,306.77,432.71,598.77,481.97
2027-02,,167.26,282.32,415.49,693.32,528.92
2027-03,,145.54,259.78,398.92,688.78,517.18
2027-04,,126.64,239.02,382.99,646.57,483.55
2027-05,,110.18,219.91,367.69,598.93,447.32
2027-06,,95.86,202.32,352.99,554.81,413.81
2027-07,,83.4,186.14,338.87,513.95,382.83
2027-08,,72.56,171.25,325.32,476.12,354.17
2027-09,,63.13,157.55,312.31,441.08,327.67
2027-10,,54.92,144.95,299.82,408.63,303.15
2027-11,,47.78,133.35,287.82,378.57,280.48
2027-12,,41.57,122.68,276.31,350.74,259.52
2028-01,,36.17,112.87,265.26,324.96,240.12
2028-02,,31.46,103.84,254.65,301.09,222.19
2028-03,,27.37,95.53,244.46,278.97,205.59
2028-04,,23.82,87.89,234.68,258.49,190.25
